Last update:,"If you see an error or want to make a suggestion, please feel free to contact me via:",,,,,https://twitter.com/SpaceyFCB/,,,,,,,RE (Re-entry) abbrevations:,UL = Unlimited,,,,,,,,,,,,,,,,,,,,,,,,,,,,,,,,,,
25 Apr 25,To calculate your buy-ins please refer to the 'buy-ins' tab.,,,,,,,,,,,,,x = x amount of re-entries,,,,,,,,,,,,,,,,,,,,,,,,,,,,,,,,,,
,If you want to support me for doing this work you can make a donation via:,,,,https://ko-fi.com/spaceyfcb,,,,,,,,,x/fl = x amount of re-entries per flight,,,,,,,,,,,,,,,,,,,,,,,,,,,,,,,,,,
,,,,,,,,,,,,,,1e/fl = 1 entry per flight,,,,,,,,,,,,,,,,,,,,,,,,,,,,,,,,,,
,WSOP Paris/Horseshoe (27/05 - 16/07),,,,,,Wynn (21/05 - 14/07),,,,,,Venetian (19/05 - 31/07),,,,,,Aria / PokerGo (28/05 - 13/07),,,,,,Resorts World (05/06 - 14/07),,,,,,MGM Grand (23/05 - 06/07),,,,,,Golden Nugget (27/05 - 02/07),,,,,,Orleans (23/05 - 13/07),,,,,
Date,Start,LR,Event,Buy-in,"#Days -
lvl time",RE,Start,LR,Event,Buy-in,RE, Guarantee ,Start,LR,Event,Buy-in,RE, Guarantee ,Start,LR,Event,Buy-in,RE, Guarantee ,Start,LR,Event,Buy-in,RE, Guarantee ,Start,LR,Event,Buy-in,RE, Guarantee ,Start,LR,Event, Buy-in ,RE, Guarantee ,Start,LR,Event, Buy-in ,RE, Guarantee 
Mon 19/5,,,,,,,,,,,,,11:10,17:55,NLH 1A, $ 600 ,," $ 150,000 ",,,,,,,,,,,,,,,,,,,,,,,,,,,,,,
,,,,,,,,,,,,,18:10,22:40,NLH Bounty, $ 200 ,," $ 10,000 ",,,,,,,,,,,,,,,,,,,,,,,,,,,,,,
,,,,,,,,,,,,,,,,,,,,,,,,,,,,,,,,,,,,,,,,,,,,,,,,
,,,,,,,,,,,,,,,,,,,,,,,,,,,,,,,,,,,,,,,,,,,,,,,,
,,,,,,,,,,,,,,,,,,,,,,,,,,,,,,,,,,,,,,,,,,,,,,,,
Tue 20/5,,,,,,,,,,,,,11:10,17:55,NLH 1B, $ 600 ,," $ 150,000 ",,,,,,,,,,,,,,,,,,,,,,,,,,,,,,
,,,,,,,,,,,,,18:10,22:40,NLH Bounty, $ 200 ,," $ 10,000 ",,,,,,,,,,,,,,,,,,,,,,,,,,,,,,
,,,,,,,,,,,,,,,,,,,,,,,,,,,,,,,,,,,,,,,,,,,,,,,,
,,,,,,,,,,,,,,,,,,,,,,,,,,,,,,,,,,,,,,,,,,,,,,,,
,,,,,,,,,,,,,,,,,,,,,,,,,,,,,,,,,,,,,,,,,,,,,,,,
Wed 21/5,,,,,,,11:00,15:30,NLH Seniors, $ 600 ,," $ 50,000 ",11:10,17:55,NLH 1C, $ 600 ,," $ 150,000 ",,,,,,,,,,,,,,,,,,,,,,,,,,,,,,
,,,,,,,12:00,16:30,Mixed Triple Draw Lowball, $ 600 ,," $ 30,000 ",18:10,22:40,NLH Bounty, $ 200 ,," $ 10,000 ",,,,,,,,,,,,,,,,,,,,,,,,,,,,,,
,,,,,,,,,,,,,,,,,,,,,,,,,,,,,,,,,,,,,,,,,,,,,,,,
,,,,,,,,,,,,,,,,,,,,,,,,,,,,,,,,,,,,,,,,,,,,,,,,
,,,,,,,,,,,,,,,,,,,,,,,,,,,,,,,,,,,,,,,,,,,,,,,,
Thu 22/5,,,,,,,12:00,19:30,HORSE," $ 1,100 ",," $ 50,000 ",11:00,,NLH Day 2,,,,,,,,,,,,,,,,,,,,,,,,,,,,,,,,,
,,,,,,,12:00,16:30,NLH 1A, $ 600 ,," $ 500,000 ",11:10,16:40,NLH, $ 600 ,," $ 40,000 ",,,,,,,,,,,,,,,,,,,,,,,,,,,,,,
,,,,,,,18:00,21:00,NLH Turbo 1B, $ 600 ,," $ 500,000 ",18:10,22:40,NLH Bounty, $ 200 ,," $ 10,000 ",,,,,,,,,,,,,,,,,,,,,,,,,,,,,,
,,,,,,,,,,,,,,,,,,,,,,,,,,,,,,,,,,,,,,,,,,,,,,,,
,,,,,,,,,,,,,,,,,,,,,,,,,,,,,,,,,,,,,,,,,,,,,,,,
Fri 23/5,,,,,,,12:00,19:30,TORSE (2-Day)," $ 1,100 ",," $ 50,000 ",10:10,16:55,NLH Seniors 1A, $ 600 ,," $ 150,000 ",,,,,,,,,,,,,10:00,,NLH 1A, $ 250 ,," $ 100,000 ",,,,,,,11:00,,NLH, $ 200 ,," $ 15,000 "
,,,,,,,12:00,16:30,NLH 1C, $ 600 ,," $ 500,000 ",12:10,18:55,BIG O 1A, $ 600 ,," $ 50,000 ",,,,,,,,,,,,,14:00,,NLH 1B, $ 250 ,," $ 100,000 ",,,,,,,16:00,,Triple Triple Draw, $ 240 ,," $ 10,000 "
,,,,,,,18:00,21:00,NLH Turbo 1D, $ 600 ,," $ 500,000 ",18:10,22:40,NLH Bounty, $ 250 ,," $ 20,000 ",,,,,,,,,,,,,18:00,,NLH 1C, $ 250 ,," $ 100,000 ",,,,,,,18:00,,NLH, $ 200 ,," $ 30,000 "
,,,,,,,,,,,,,,,,,,,,,,,,,,,,,,,21:00,,NLH, $ 150 ,," $ 3,000 ",,,,,,,22:00,,NLH, $ 125 ,," $ 1,500 "
,,,,,,,,,,,,,,,,,,,,,,,,,,,,,,,,,,,,,,,,,,,,,,,,
Sat 24/5,,,,,,,12:00,16:30,Limit 2-7 Triple Draw," $ 1,100 ",," $ 50,000 ",10:10,16:55,NLH Seniors 1B, $ 600 ,," $ 150,000 ",,,,,,,,,,,,,10:00,,NLH 1D, $ 250 ,," $ 100,000 ",,,,,,,11:00,,NLH, $ 300 ,," $ 30,000 "
,,,,,,,12:00,16:30,NLH 1E, $ 600 ,," $ 500,000 ",12:10,18:55,BIG O 1B, $ 600 ,," $ 50,000 ",,,,,,,,,,,,,14:00,,NLH 1E, $ 250 ,," $ 100,000 ",,,,,,,16:00,,TORSE, $ 240 ,," $ 10,000 "
,,,,,,,18:00,21:00,NLH Turbo 1F, $ 600 ,," $ 500,000 ",18:10,22:40,NLH Bounty, $ 250 ,," $ 20,000 ",,,,,,,,,,,,,18:00,,NLH 1F, $ 250 ,," $ 100,000 ",,,,,,,18:00,,NLH, $ 200 ,," $ 15,000 "
,,,,,,,,,,,,,,,,,,,,,,,,,,,,,,,21:00,,NLH, $ 150 ,," $ 3,000 ",,,,,,,22:00,,NLH Survivor, $ 125 ,," $ 1,500 "
,,,,,,,,,,,,,,,,,,,,,,,,,,,,,,,,,,,,,,,,,,,,,,,,
Sun 25/5,,,,,,,11:00,15:30,NLH 1A," $ 1,100 ",," $ 1,500,000 ",10:10,16:55,NLH Seniors 1C, $ 600 ,," $ 150,000 ",,,,,,,,,,,,,10:00,,NLH 1G, $ 250 ,," $ 100,000 ",,,,,,,11:00,,NLH, $ 300 ,," $ 100,000 "
,,,,,,,12:00,,NLH Day 2,,,,12:00,,BIG O Day 2,,,,,,,,,,,,,,,,14:00,,NLH 1H, $ 250 ,," $ 100,000 ",,,,,,,18:00,,Big O, $ 240 ,," $ 10,000 "
,,,,,,,12:00,19:30,O/8 (2-Day)," $ 1,100 ",," $ 50,000 ",18:10,22:40,NLH Bounty, $ 250 ,," $ 20,000 ",,,,,,,,,,,,,18:00,,NLH Turbo 1I , $ 250 ,," $ 100,000 ",,,,,,,22:00,,NLH Survivor, $ 125 ,," $ 1,500 "
,,,,,,,18:00,21:00,NLH Turbo 1B," $ 1,100 ",," $ 1,500,000 ",,,,,,,,,,,,,,,,,,,21:00,,NLH, $ 150 ,," $ 3,000 ",,,,,,,,,,,,
,,,,,,,,,,,,,,,,,,,,,,,,,,,,,,,,,,,,,,,,,,,,,,,,
Mon 26/5,,,,,,,11:00,15:30,NLH 1C," $ 1,100 ",," $ 1,500,000 ",10:00,,NLH Seniors Day 2,,,,,,,,,,,,,,,,18:00,,NLH day 2,,,,,,,,,,11:00,,NLH, $ 400 ,," $ 40,000 "
,,,,,,,12:00,16:30,Big O," $ 1,100 ",," $ 50,000 ",11:10,16:40,NLH Bounty ($200 ; $500 ITM), $ 600 ,," $ 50,000 ",,,,,,,,,,,,,14:00,,NLH Employee, $ 200 ,," $ 7,500 ",,,,,,,16:00,,2-7 NL, $ 240 ,," $ 10,000 "
,,,,,,,18:00,21:00,NLH Turbo 1D," $ 1,100 ",," $ 1,500,000 ",12:10,18:55,O/8 (2-Day), $ 600 ,," $ 40,000 ",,,,,,,,,,,,,18:00,,NLH Bomb Pot, $ 250 ,," $ 10,000 ",,,,,,,18:00,,NLH, $ 200 ,," $ 15,000 "
,,,,,,,,,,,,,,,,,,,,,,,,,,,,,,,21:00,,NLH, $ 150 ,," $ 3,000 ",,,,,,,22:00,,NLH Survivor, $ 125 ,," $ 1,500 "
,,,,,,,,,,,,,,,,,,,,,,,,,,,,,,,,,,,,,,,,,,,,,,,,
Tue 27/5,9:00,,"Reg.Opens, Live Action & Satellites Begin",,,,11:00,15:30,NLH 1E," $ 1,100 ",," $ 1,500,000 ",11:10,16:40,NLH, $ 600 ,," $ 50,000 ",,,,,,,,,,,,,10:00,,NLH, $ 250 ,," $ 1,000 ",11:00,,NLH, $ 400 ,," $ 25,000 ",11:00,,HORSE, $ 600 ,," $ 50,000 "
,12:00,19:55,NLH Mystery Millions 1A," $ 1,000 ",3 - 30/40,1/fl,19:00,22:00,NLH Turbo 1F," $ 1,100 ",," $ 1,500,000 ",12:10,17:40,PLO, $ 600 ,," $ 30,000 ",,,,,,,,,,,,,14:00,,O/8, $ 600 ,," $ 40,000 ",16:00,,NLH, $ 120 ,," $ 5,000 ",16:00,,NLH Survivor $2k , $ 230 ,," $ 15,000 "
,16:00,21:30,NLH Industry Employees, $ 500 ,2 - 40,1,,,,,,,14:00,,O/8 Day 2,,,,,,,,,,,,,,,,18:00,,NLH Bounty ($50), $ 250 ,," $ 10,000 ",17:00,,Big O, $ 250 ,," $ 10,000 ",18:00,,NLH, $ 200 ,," $ 15,000 "
,,,,,,,,,,,,,,,,,,,,,,,,,,,,,,,21:00,,NLH, $ 150 ,," $ 3,000 ",18:00,,NLH, $ 200 ,," $ 20,000 ",22:00,,NLH Survivor, $ 125 ,," $ 1,500 "
,,,,,,,,,,,,,,,,,,,,,,,,,,,,,,,,,,,,,,,,,,,,,,,,
Wed 28/5,10:00,17:00,NLH Mystery Millions 1B," $ 1,000 ",3 - 30/40,1/fl,12:00,,NLH Day 2,,,,11:10,16:40,NLH Bounty ($200 ; $500 ITM), $ 600 ,," $ 50,000 ",13:00,,NLH Mystery Bounty," $ 1,100 ",," $ 250,000 ",,,,,,,18:00,,NLH 1A, $ 250 ,," $ 50,000 ",11:00,,NLH, $ 400 ,," $ 40,000 ",11:00,,NLH, $ 300 ,," $ 30,000 "
,12:00,"Day 2 
14:15",NLH 8-max," $ 5,000 ",4 - 60,1,13:00,17:30,NLH, $ 600 ,," $ 50,000 ",,,,,,,,,,,,,,,,,,,14:00,,Stud - Stud/8, $ 600 ,," $ 40,000 ",13:00,,NLH Heads-Up, $ 600 ,,,16:00,,Big O - PLO, $ 240 ,," $ 10,000 "
,14:00,20:45,O/8," $ 1,500 ",3 - 40/60,0,18:00,21:00,NLH Turbo, $ 600 ,," $ 50,000 ",,,,,,,,,,,,,,,,,,,16:00,,NLH 1B, $ 250 ,," $ 50,000 ",16:00,,NLH, $ 120 ,," $ 5,000 ",18:00,,NLH, $ 200 ,," $ 15,000 "
,,,,,,,,,,,,,,,,,,,,,,,,,,,,,,,18:00,,PLO, $ 250 ,," $ 5,000 ",18:00,,NLH, $ 200 ,," $ 20,000 ",22:00,,NLH Survivor, $ 125 ,," $ 1,500 "
,,,,,,,,,,,,,,,,,,,,,,,,,,,,,,,21:00,,NLH, $ 150 ,," $ 3,000 ",,,,,,,,,,,,
Thu 29/5,10:00,17:00,NLH Mystery Millions 1C," $ 1,000 ",3 - 30/40,1/fl,12:00,,NLH Final Table,,,,11:10,16:40,NLH, $ 600 ,," $ 50,000 ",11:00,,NLH, $ 800 ,," $ 150,000 ",,,,,,,10:00,,PLO 1A, $ 200 ,," $ 25,000 ",11:00,,NLH Mystery Bounty 1A, $ 300 ,," $ 250,000 ",11:00,,Triple Triple Draw, $ 600 ,," $ 30,000 "
,12:00,21:45,PLO 8-max," $ 5,000 ",3 - 40/60,2,12:00,16:30,NLH, $ 600 ,," $ 50,000 ",,,,,,,,,,,,,,,,,,,18:00,,NLH Day 2,,,,13:00,,Big O, $ 400 ,," $ 40,000 ",16:00,,NLH Survivor $1k , $ 125 ,," $ 15,000 "
,14:00,20:45,7-Card Stud," $ 1,500 ",3 - 40/60,0,17:00,20:00,"Sat. to $1,600 Seniors", $ 300 ,, 5 Seats ,,,,,,,,,,,,,,,,,,,14:00,," ""Best Game""  1A - PLO", $ 600 ,," $ 100,000 ",15:00,,NLH Mystery Bounty 1B, $ 300 ,," $ 250,000 ",18:00,,NLH, $ 200 ,," $ 15,000 "
,,,,,,,18:00,21:00,NLH Turbo, $ 600 ,," $ 50,000 ",,,,,,,,,,,,,,,,,,,18:00,,PLO 1B, $ 200 ,," $ 25,000 ",17:00,,2-7 Triple Draw, $ 250 ,," $ 10,000 ",22:00,,NLH Survivor, $ 125 ,," $ 1,500 "
,,,,,,,,,,,,,,,,,,,,,,,,,,,,,,,21:00,,NLH, $ 150 ,," $ 3,000 ",19:00,,NLH Mystery Bounty 1C, $ 300 ,," $ 250,000 ",,,,,,
Fri 30/5,10:00,17:00,NLH Mystery Millions 1D," $ 1,000 ",3 - 30/40,1/fl,11:00,14:00,"Sat. to $1,600 Seniors", $ 300 ,, 10 Seats ,11:10,16:40,NLH Bounty ($200 ; $500 ITM), $ 600 ,," $ 50,000 ",11:00,,NLH, $ 800 ,," $ 150,000 ",,,,,,,10:00,,2-7 Triple Draw, $ 600 ,," $ 25,000 ",11:00,,NLH Mystery Bounty 1D, $ 300 ,," $ 250,000 ",11:00,,NLH, $ 300 ,," $ 30,000 "
,12:00,First Draw,NLH Heads-Up (64 players max)," $ 25,000 ",3 - 20,0,11:00,18:30,NLH Seniors 1A," $ 1,600 ",," $ 1,000,000 ",18:10,22:40,NLH Bounty, $ 400 ,," $ 25,000 ",,,,,,,,,,,,,13:00,,PLO Day 2,,,,12:00,,PLO/8 - O/8 - Big O, $ 400 ,," $ 25,000 ",16:00,,O/8 - Stud/8, $ 240 ,," $ 10,000 "
,14:00,20:45,Dealers Choice," $ 1,500 ",3 - 40/60,1,13:00,17:30,5-Card PLO," $ 1,100 ",," $ 50,000 ",,,,,,,,,,,,,,,,,,,14:00,,"""Best Game"" - 1B - Big-O", $ 600 ,," $ 100,000 ",15:00,,NLH Mystery Bounty 1E, $ 300 ,," $ 250,000 ",18:00,,NLH, $ 200 ,," $ 30,000 "
,,,,,,,17:00,20:00,"Sat. to $1,600 Seniors", $ 300 ,, 10 Seats ,,,,,,,,,,,,,,,,,,,18:00,,NLH, $ 250 ,," $ 7,500 ",19:00,,NLH Mystery Bounty 1F, $ 300 ,," $ 250,000 ",22:00,,NLH Survivor, $ 125 ,," $ 1,500 "
,,,,,,,18:00,21:00,NLH Turbo," $ 1,100 ",," $ 100,000 ",,,,,,,,,,,,,,,,,,,21:00,,NLH, $ 150 ,," $ 3,000 ",,,,,,,,,,,,
Sat 31/5,10:00,17:00,NLH Mystery Millions 1E," $ 1,000 ",3 - 30/40,1/fl,11:00,18:30,NLH Seniors 1B," $ 1,600 ",," $ 1,000,000 ",11:10,16:40,NLH, $ 600 ,," $ 50,000 ",11:00,,NLH, $ 800 ,," $ 150,000 ",,,,,,,10:00,,PLO, $ 600 ,," $ 40,000 ",11:00,,NLH Mystery Bounty 1G, $ 300 ,," $ 250,000 ",11:00,,NLH, $ 400 ,," $ 40,000 "
,14:00,"Day 2 
14:15",O/8 Championship," $ 10,000 ",4 - 60/90,0,12:00,16:30,NLH," $ 1,100 ",," $ 200,000 ",12:10,17:40,BIG O Bounty, $ 800 ,," $ 100,000 ",,,,,,,,,,,,,14:00,,"""Best Game"" 1C - PLO/8", $ 600 ,," $ 100,000 ",12:00,,TOE, $ 400 ,," $ 20,000 ",16:00,,NLH Survivor $1k , $ 125 ,," $ 15,000 "
,,,,,,,18:00,21:00,NLH Turbo," $ 1,100 ",," $ 100,000 ",18:10,22:40,NLH Bounty, $ 400 ,," $ 25,000 ",,,,,,,,,,,,,18:00,,NLH Bounty ($50), $ 250 ,," $ 7,500 ",15:00,,NLH Mystery Bounty 1H, $ 300 ,," $ 250,000 ",18:00,,NLH, $ 200 ,," $ 15,000 "
,,,,,,,,,,,,,,,,,,,,,,,,,,,,,,,21:00,,NLH, $ 150 ,," $ 3,000 ",19:00,,NLH Mystery Bounty 1I, $ 300 ,," $ 250,000 ",22:00,,NLH Survivor, $ 125 ,," $ 1,500 "
,,,,,,,,,,,,,,,,,,,,,,,,,,,,,,,,,,,,,,,,,,,,,,,,
Sun 1/6,10:00,17:00,NLH, $ 600 ,2 - 30,1,11:00,18:30,NLH Seniors 1C," $ 1,600 ",," $ 1,000,000 ",11:10,16:40,NLH Bounty ($200 ; $500 ITM), $ 600 ,," $ 50,000 ",11:00,,NLH," $ 1,100 ",," $ 200,000 ",,,,,,,10:00,,NLH, $ 250 ,," $ 7,500 ",11:00,,NLH, $ 250 ,," $ 50,000 ",11:00,,NLH, $ 300 ,," $ 100,000 "
,12:00,21:45,NLH Mystery Bounty 8-max," $ 10,000 ",3 - 40,2,18:00,21:00,NLH Turbo," $ 1,100 ",," $ 100,000 ",12:10,17:40,PLO, $ 800 ,," $ 100,000 ",,,,,,,,,,,,,18:00,,"""Best Game"" Day 2",,,,12:00,,NLH Mystery Bounty Day 2,,,,18:00,,Big O, $ 240 ,," $ 10,000 "
,14:00,23:00,2-7 NL," $ 1,500 ",3 - 60,2,,,,,,,18:10,22:40,NLH Bounty, $ 400 ,," $ 25,000 ",,,,,,,,,,,,,14:00,,Big O - PLO/8 - O/8, $ 600 ,," $ 40,000 ",18:00,,NLH, $ 200 ,," $ 20,000 ",22:00,,NLH Survivor, $ 125 ,," $ 1,500 "
,,,,,,,,,,,,,,,,,,,,,,,,,,,,,,,16:00,,Sat. to $800 + $200 Cash, $ 140 ,, 2 Packages ,,,,,,,,,,,,
,,,,,,,,,,,,,,,,,,,,,,,,,,,,,,,18:00,,NLH, $ 250 ,," $ 7,500 ",,,,,,,,,,,,
,,,,,,,,,,,,,,,,,,,,,,,,,,,,,,,21:00,,NLH, $ 150 ,," $ 3,000 ",,,,,,,,,,,,
Mon 2/6,10:00,17:00,NLH 6-max," $ 1,500 ",3 - 40/60,1,11:00,,NLH Seniors Day 2,,,,11:10,16:40,NLH, $ 600 ,," $ 50,000 ",11:00,,NLH, $ 800 ,," $ 200,000 ",,,,,,,10:00,,NLH 1A, $ 500 ,," $ 250,000 ",11:00,,NLH, $ 250 ,," $ 40,000 ",11:00,,NLH, $ 300 ,," $ 30,000 "
,12:00,"Day 2 
14:15",NLH/PLO 8-max Highroller," $ 25,000 ",3 - 60,2,12:00,19:30,NLH 1A," $ 1,100 ",," $ 1,500,000 ",18:10,22:40,NLH Bounty, $ 600 ,," $ 40,000 ",,,,,,,,,,,,,14:00,,Big Bet Dealers Choice, $ 600 ,," $ 25,000 ",12:00,,8-Game, $ 400 ,," $ 25,000 ",16:00,,TORSE, $ 240 ,," $ 10,000 "
,14:00,20:45,PLO/8 - O/8 - Big O 7-max," $ 1,500 ",3 - 40/60,2,18:00,21:00,NLH Turbo," $ 1,100 ",," $ 100,000 ",,,,,,,,,,,,,,,,,,,16:00,,Sat. to $800 + $200 Cash, $ 140 ,, 5 Packages ,16:00,,NLH, $ 120 ,," $ 5,000 ",18:00,,NLH, $ 200 ,," $ 15,000 "
,,,,,,,,,,,,,,,,,,,,,,,,,,,,,,,18:00,,NLH 1B, $ 500 ,," $ 250,000 ",18:00,,NLH, $ 200 ,," $ 20,000 ",22:00,,NLH Survivor, $ 125 ,," $ 1,500 "
,,,,,,,,,,,,,,,,,,,,,,,,,,,,,,,21:00,,NLH, $ 150 ,," $ 3,000 ",,,,,,,,,,,,
Tue 3/6,10:00,17:00,PLO 8-max, $ 600 ,2 - 30,2,11:00,,NLH Seniors FT,,,,11:10,16:40,NLH Bounty ($200 ; $500 ITM), $ 600 ,," $ 50,000 ",11:00,,NLH, $ 800 ,," $ 200,000 ",,,,,,,10:00,,NLH 1C, $ 500 ,," $ 250,000 ",11:00,,NLH, $ 400 ,," $ 40,000 ",11:00,,NLH Seniors, $ 400 ,," $ 50,000 "
,12:00,21:45,NLH," $ 2,000 ",3 - 40/60,1,12:00,19:30,NLH Day 1B," $ 1,100 ",," $ 1,500,000 ",18:10,22:40,NLH Bounty, $ 600 ,," $ 40,000 ",,,,,,,,,,,,,14:00,,PLO/8, $ 600 ,," $ 40,000 ",12:00,,O/8, $ 400 ,," $ 30,000 ",16:00,,PLO - Big O - O/8, $ 240 ,," $ 10,000 "
,14:00,14:15,Dealers Choice Championship," $ 10,000 ",3 - 60/90,0,18:00,21:00,NLH Turbo," $ 1,100 ",," $ 100,000 ",,,,,,,,,,,,,,,,,,,16:00,,NLH 1D, $ 500 ,," $ 250,000 ",16:00,,NLH, $ 120 ,," $ 5,000 ",18:00,,NLH, $ 200 ,," $ 15,000 "
,,,,,,,,,,,,,,,,,,,,,,,,,,,,,,,21:00,,NLH, $ 150 ,," $ 3,000 ",17:00,,LO, $ 250 ,," $ 10,000 ",22:00,,NLH Survivor, $ 125 ,," $ 1,500 "
,,,,,,,,,,,,,,,,,,,,,,,,,,,,,,,,,,,,,18:00,,NLH, $ 200 ,," $ 20,000 ",,,,,,
Wed 4/6,10:00,20:15,NLH Colossus 1A, $ 500 ,3 - 40,1/fl,12:00,19:30,NLH Day 1C," $ 1,100 ",," $ 1,500,000 ",11:10,17:55,NLH MSPT 1A," $ 1,600 ",," $ 1,500,000 ",11:00,,PLO, $ 800 ,," $ 150,000 ",,,,,,,10:00,,NLH 1A, $ 400 ,," $ 100,000 ",11:00,,NLH, $ 400 ,," $ 40,000 ",11:00,,9-Game, $ 600 ,," $ 30,000 "
,12:00,14:40,NLH Shooutout 1A," $ 1,500 ",3 - 40,0,,,,,,,18:10,22:40,NLH Bounty, $ 600 ,," $ 40,000 ",,,,,,,,,,,,,18:00,,NLH Day 2,,,,12:00,,O/8 - Stud/8, $ 400 ,," $ 40,000 ",16:00,,NLH Survivor $1k , $ 125 ,," $ 15,000 "
,14:00,20:45,PLO/8," $ 1,500 ",3 - 40/60,2,,,,,,,,,,,,,,,,,,,,,,,,,16:00,,NLH 1B, $ 400 ,," $ 100,000 ",16:00,,NLH, $ 120 ,," $ 5,000 ",18:00,,NLH, $ 200 ,," $ 15,000 "
,17:00,19:20,NLH Shooutout 1B," $ 1,500 ",3 - 40,0,,,,,,,,,,,,,,,,,,,,,,,,,21:00,,NLH, $ 150 ,," $ 3,000 ",18:00,,NLH, $ 200 ,," $ 20,000 ",22:00,,NLH Survivor, $ 125 ,," $ 1,500 "
,,,,,,,,,,,,,,,,,,,,,,,,,,,,,,,,,,,,,,,,,,,,,,,,
Thu 5/6,10:00,20:15,NLH Colossus 1B, $ 500 ,3 - 40,1/fl,12:00,,NLH Day 2,,,,11:10,17:55,NLH MSPT 1B," $ 1,600 ",," $ 1,500,000 ",11:00,,NLH Mystery Bounty," $ 1,100 ",," $ 250,000 ",12:05,,NLH, $ 200 ,," $ 5,000 ",10:00,,PLO Mystery Bounty 1A, $ 600 ,," $ 200,000 ",10:00,,NLH Seniors, $ 400 ,," $ 75,000 ",11:00,,NLH, $ 400 ,," $ 40,000 "
,12:00,"Day 2 
14:15",NLH 6-max Highroller," $ 25,000 ",3 - 60,1,13:00,17:30,PLO," $ 2,200 ",," $ 200,000 ",18:10,22:40,NLH Bounty, $ 600 ,," $ 40,000 ",,,,,,,19:05,,NLH, $ 200 ,," $ 5,000 ",18:00,,NLH Day 2,,,,12:00,,HORSE, $ 400 ,," $ 30,000 ",16:00,,O/8, $ 240 ,," $ 10,000 "
,14:00,20:45,Badugi," $ 1,500 ",3 - 40/60,1,18:00,21:00,PLO Turbo," $ 1,100 ",," $ 100,000 ",,,,,,,,,,,,,,,,,,,14:00,,NLH, $ 400 ,," $ 30,000 ",15:00,,NLH 1A, $ 350 ,," $ 250,000 ",18:00,,NLH, $ 200 ,," $ 15,000 "
,,,,,,,19:00,22:00,Sat. to $3k Ladies HR, $ 400 ,, 5 Seats ,,,,,,,,,,,,,,,,,,,18:00,,PLO Mystery Bounty 1B, $ 600 ,," $ 200,000 ",19:00,,NLH 1B, $ 350 ,," $ 250,000 ",22:00,,NLH Survivor, $ 125 ,," $ 1,500 "
,,,,,,,,,,,,,,,,,,,,,,,,,,,,,,,21:00,,NLH, $ 150 ,," $ 3,000 ",,,,,,,,,,,,
Fri 6/6,10:00,20:15,NLH Colossus 1C, $ 500 ,3 - 40,1/fl,12:00,,NLH Final Table,,,,11:10,17:55,NLH MSPT 1C," $ 1,600 ",," $ 1,500,000 ",11:00,,NLH, $ 800 ,," $ 200,000 ",12:05,,NLH, $ 200 ,," $ 5,000 ",10:00,,PLO Mystery Bounty 1C, $ 600 ,," $ 200,000 ",11:00,,NLH 1C, $ 350 ,," $ 250,000 ",11:00,,NLH, $ 300 ,," $ 30,000 "
,12:00,19:30,PLO Double Board Bomb Pot," $ 1,500 ",3 - 40/60,2,12:00,16:30,NLH," $ 1,100 ",," $ 250,000 ",,,,,,,,,,,,,19:05,,NLH, $ 200 ,," $ 5,000 ",14:00,,Big O - PLO/8, $ 300 ,," $ 15,000 ",12:00,,Stud, $ 400 ,," $ 30,000 ",16:00,,ROSE, $ 240 ,," $ 10,000 "
,14:00,"Day 2 
14:15",7-Card Stud Championship," $ 10,000 ",3 - 60/90,0,13:00,20:30,Ladies HR (2-Day)," $ 3,000 ",,,,,,,,,,,,,,,,,,,,,16:00,,PLO Mystery Bounty 1D, $ 600 ,," $ 200,000 ",15:00,,NLH 1D, $ 350 ,," $ 250,000 ",18:00,,NLH, $ 200 ,," $ 30,000 "
,,,,,,,13:00,17:30,Big O," $ 1,100 ",," $ 50,000 ",,,,,,,,,,,,,,,,,,,21:00,,NLH, $ 150 ,," $ 3,000 ",19:00,,NLH 1E, $ 350 ,," $ 250,000 ",22:00,,NLH Survivor, $ 125 ,," $ 1,500 "
,,,,,,,18:00,21:00,5-Card PLO Turbo," $ 1,100 ",," $ 100,000 ",,,,,,,,,,,,,,,,,,,,,,,,,,,,,,,,,,,,
Sat 7/6,10:00,20:15,NLH Colossus 1D, $ 500 ,3 - 40,1/fl,12:00,19:30,NLH PKO 1A," $ 1,600 ",," $ 500,000 ",11:00,,NLH MSPT Day 2,,,,11:00,,NLH," $ 1,100 ",," $ 250,000 ",12:50,,NLH, $ 200 ,," $ 5,000 ",10:00,,NLH, $ 250 ,," $ 10,000 ",11:00,,NLH 1F, $ 350 ,," $ 250,000 ",11:00,,NLH, $ 400 ,," $ 40,000 "
,12:00,"Day 2 
13:15",NLH 8-max Highroller," $ 25,000 ",3 - 60,1,13:00,17:30,LH," $ 1,100 ",," $ 50,000 ",11:10,17:25,NLH , $ 800 ,," $ 150,000 ",,,,,,,19:05,,NLH, $ 200 ,," $ 5,000 ",18:00,,PLO Mystery Bounty Day 2,,,,12:00,,TORSE, $ 400 ,," $ 20,000 ",16:00,,Triple Triple Draw, $ 240 ,," $ 10,000 "
,14:00,20:45,Big O," $ 1,500 ",3 - 40/60,2,18:00,21:00,NLH Turbo," $ 1,100 ",," $ 100,000 ",18:10,22:40,NLH Bounty, $ 600 ,," $ 40,000 ",,,,,,,,,,,,,14:00,,PLO Bounty ($100), $ 400 ,," $ 30,000 ",15:00,,NLH 1G, $ 350 ,," $ 250,000 ",18:00,,NLH, $ 200 ,," $ 15,000 "
,,,,,,,,,,,,,,,,,,,,,,,,,,,,,,,18:00,,NLH Bounty ($50), $ 250 ,," $ 10,000 ",18:00,,NLH, $ 200 ,," $ 20,000 ",22:00,,NLH Survivor, $ 125 ,," $ 1,500 "
,,,,,,,,,,,,,,,,,,,,,,,,,,,,,,,21:00,,NLH, $ 150 ,," $ 3,000 ",,,,,,,,,,,,
Sun 8/6,10:00,17:00,NLH/PLO, $ 600 ,2 - 30,2,10:00,13:40,Sat. $10k Seniors HR," $ 1,100 ",, 5 Seats ,11:00,,NLH MSPT Day 3,,,,11:00,,NLH, $ 800 ,," $ 200,000 ",12:05,,NLH, $ 200 ,," $ 5,000 ",10:00,,NLH Boots for Troops, $ 250 ,,,11:00,,NLH, $ 250 ,," $ 50,000 ",11:00,,NLH, $ 300 ,," $ 100,000 "
,12:00,22:00,NLH," $ 2,500 ",3 - 40/60,1,12:00,19:30,NLH PKO 1B," $ 1,600 ",," $ 500,000 ",11:10,17:55,NLH MSPT 1A," $ 1,100 ",," $ 1,000,000 ",,,,,,,19:05,,NLH, $ 200 ,," $ 5,000 ",14:00,,HEROS, $ 600 ,," $ 40,000 ",12:00,,NLH Day 2,,,,18:00,,Big O, $ 240 ,," $ 10,000 "
,14:00,"Day 2 
14:15",2-7 NL Championship," $ 10,000 ",3 - 60/90,2,18:00,21:00,NLH Turbo," $ 1,100 ",," $ 100,000 ",12:10,17:40,BIG O, $ 800 ,," $ 100,000 ",,,,,,,,,,,,,18:00,,NLH, $ 250 ,," $ 10,000 ",18:00,,NLH, $ 200 ,," $ 20,000 ",22:00,,NLH Survivor, $ 125 ,," $ 1,500 "
,,,,,,,,,,,,,,,,,,,,,,,,,,,,,,,21:00,,NLH, $ 150 ,," $ 3,000 ",20:00,,Sat. to Bar Poker Open, $ 135 ,,,,,,,,
,,,,,,,,,,,,,,,,,,,,,,,,,,,,,,,,,,,,,,,,,,,,,,,,
Mon 9/6,10:00,17:00,NLH 8-max, $ 800 ,2 - 30,1,11:00,"Day 2 
13:15",Seniors HR (3-Day)," $ 10,000 ",," $ 500,000 ",11:10,17:55,NLH MSPT 1B," $ 1,100 ",," $ 1,000,000 ",11:00,,NLH Mystery Bounty," $ 1,100 ",," $ 250,000 ",12:05,,NLH, $ 200 ,," $ 5,000 ",10:00,,Dbl. Board Bomb pot PLO, $ 300 ,," $ 10,000 ",10:00,,Bar Poker Open 1A (Flight 1), Invitational ,,,11:00,,NLH, $ 200 ,," $ 15,000 "
,12:00,"Day 2 
14:15",NLH 8-max Highroller," $ 50,000 ",3 - 60,1,11:00,15:30,NLH 1A," $ 1,600 ",," $ 2,500,000 ",12:10,17:40,PLO/8, $ 800 ,," $ 100,000 ",,,,,,,19:05,,NLH, $ 200 ,," $ 5,000 ",14:00,,TORSE, $ 600 ,," $ 30,000 ",16:00,,Bar Poker Open 1A (Flight 2), Invitational ,,,12:00,,Sat. to TORSE, $ 140 ,," $ 15,000 "
,14:00,20:45,LH 8-max," $ 1,500 ",3 - 40/60,0,12:00,,NLH PKO Day 2,,,,,,,,,,,,,,,,,,,,,,18:00,,NLH, $ 250 ,," $ 10,000 ",18:00,,NLH, $ 200 ,," $ 20,000 ",18:00,,NLH, $ 200 ,," $ 15,000 "
,,,,,,,18:00,22:30,NLH 1B," $ 1,600 ",," $ 2,500,000 ",,,,,,,,,,,,,,,,,,,21:00,,NLH, $ 150 ,," $ 3,000 ",20:00,,Sat. to Bar Poker Open, $ 135 ,,,22:00,,NLH Survivor, $ 125 ,," $ 1,500 "
,,,,,,,,,,,,,,,,,,,,,,,,,,,,,,,,,,,,,,,,,,,,,,,,
Tue 10/6,10:00,14:20,NLH Turbo Bounty ($500)," $ 1,500 ",1 - 20,1,11:00,15:30,NLH 1C," $ 1,600 ",," $ 2,500,000 ",11:10,17:55,NLH MSPT 1C," $ 1,100 ",," $ 1,000,000 ",11:00,,PLO Mystery Bounty," $ 1,100 ",," $ 250,000 ",12:05,,NLH, $ 200 ,," $ 5,000 ",10:00,,NLH 1A, $ 400 ,," $ 100,000 ",11:00,,Bar Poker Open 1B, Invitational ,,,11:00,,TORSE," $ 1,100 ",," $ 100,000 "
,12:00,21:45,NLH," $ 3,000 ",3 - 40/60,0,18:00,22:30,NLH 1D," $ 1,600 ",," $ 2,500,000 ",,,,,,,,,,,,,19:05,,NLH, $ 200 ,," $ 5,000 ",14:00,,Big O, $ 600 ,," $ 40,000 ",13:00,,NLH, $ 200 ,," $ 25,000 ",11:00,,NLH, $ 300 ,," $ 30,000 "
,14:00,"Day 2 
14:15",PLO/8 Championship," $ 10,000 ",4 - 60,2,,,,,,,,,,,,,,,,,,,,,,,,,16:00,,NLH 1B, $ 400 ,," $ 100,000 ",18:00,,NLH Tag Team, $ 200 ,," $ 20,000 ",16:00,,NLH Survivor $1k , $ 125 ,," $ 15,000 "
,,,,,,,,,,,,,,,,,,,,,,,,,,,,,,,21:00,,NLH, $ 150 ,," $ 3,000 ",,,,,,,18:00,,NLH, $ 200 ,," $ 15,000 "
,,,,,,,,,,,,,,,,,,,,,,,,,,,,,,,,,,,,,,,,,,,22:00,,NLH Survivor, $ 125 ,," $ 1,500 "
Wed 11/6,10:00,22:35,NLH Monsterstack 1A," $ 1,500 ",5 - 60,1e/fl,11:00,15:30,NLH 1E," $ 1,600 ",," $ 2,500,000 ",11:00,,NLH MSPT Day 2,,,,11:00,,NLH," $ 1,100 ",," $ 250,000 ",12:05,,NLH, $ 300 ,," $ 15,000 ",10:00,,NLH Bounty, $ 400 ,," $ 30,000 ",11:00,,Bar Poker Open Day 2,,,,11:00,,NLH, $ 400 ,," $ 40,000 "
,12:00,"Day 2 
14:15",NLH Highroller," $ 100,000 ",3 - 60,1,19:00,22:00,NLH Turbo 1F," $ 1,600 ",," $ 2,500,000 ",11:10,17:55,BIG O Bounty," $ 1,600 ",," $ 300,000 ",,,,,,,19:05,,NLH, $ 200 ,," $ 5,000 ",18:00,,NLH Day 2,,,,12:00,,NLH, $ 400 ,," $ 40,000 ",16:00,,O/8 - Stud/8, $ 240 ,," $ 10,000 "
,14:00,20:45,HORSE," $ 1,500 ",3 - 40/60,0,,,,,,,,,,,,,,,,,,,,,,,,,14:00,,NLH, $ 500 ,," $ 40,000 ",18:00,,NLH, $ 200 ,," $ 20,000 ",18:00,,NLH, $ 200 ,," $ 15,000 "
,,,,,,,,,,,,,,,,,,,,,,,,,,,,,,,18:00,,PLO/8, $ 250 ,," $ 10,000 ",,,,,,,22:00,,NLH Survivor, $ 125 ,," $ 1,500 "
,,,,,,,,,,,,,,,,,,,,,,,,,,,,,,,21:00,,NLH, $ 150 ,," $ 3,000 ",,,,,,,,,,,,
Thu 12/6,10:00,22:35,NLH Monsterstack 1B," $ 1,500 ",5 - 60,1e/fl,12:00,,NLH Day 2,,,,11:00,,NLH MSPT Day 3,,,,11:00,,NLH," $ 1,100 ",," $ 250,000 ",12:05,,NLH, $ 300 ,," $ 15,000 ",10:00,,NLH/PLO, $ 400 ,," $ 30,000 ",11:00,,NLH, $ 400 ,," $ 40,000 ",11:00,,HORSE, $ 600 ,," $ 50,000 "
,12:00,"Day 2 
14:15",NLH Seniors High Roller," $ 5,000 ",4 - 60,1,14:00,18:30,NLH 8-Max," $ 3,000 ",," $ 500,000 ",11:10,17:25,NLH, $ 800 ,," $ 150,000 ",,,,,,,19:05,,NLH, $ 200 ,," $ 5,000 ",14:00,,Stud/Razz, $ 600 ,," $ 30,000 ",12:00,,NLH (2-day)," $ 1,000 ",,,16:00,,NLH Survivor $2k , $ 230 ,," $ 15,000 "
,14:00,14:15,LH 8-max Championship," $ 10,000 ",3 - 60/90,0,18:00,21:00,NLH Turbo," $ 1,100 ",," $ 100,000 ",12:10,17:40,PLO Bounty," $ 1,100 ",," $ 150,000 ",,,,,,,,,,,,,18:00,,NLH Pineapple, $ 250 ,," $ 5,000 ",14:00,,Bar Poker Open Day 3,,,,18:00,,NLH, $ 200 ,," $ 15,000 "
,,,,,,,,,,,,,,,,,,,,,,,,,,,,,,,21:00,,NLH, $ 150 ,," $ 3,000 ",18:00,,NLH, $ 200 ,," $ 20,000 ",22:00,,NLH Survivor, $ 125 ,," $ 1,500 "
,,,,,,,,,,,,,,,,,,,,,,,,,,,,,,,,,,,,,,,,,,,,,,,,
Fri 13/6,10:00,22:35,NLH Monsterstack 1C," $ 1,500 ",5 - 60,1e/fl,12:00,,NLH FT,,,,11:10,17:25,NLH," $ 1,100 ",," $ 200,000 ",11:00,,Seniors NLH," $ 1,100 ",," $ 200,000 ",12:05,,NLH, $ 400 ,," $ 20,000 ",10:00,,NLH 1A, $ 250 ,," $ 50,000 ",11:00,,NLH, $ 400 ,," $ 40,000 ",11:00,,NLH Seniors, $ 600 ,," $ 75,000 "
,12:00,19:40,PLO 8-max," $ 1,000 ",2 - 30,2,12:00,16:30,NLH," $ 1,100 ",," $ 250,000 ",18:10,22:40,NLH Bounty, $ 600 ,," $ 40,000 ",,,,,,,19:05,,NLH, $ 200 ,," $ 5,000 ",14:00,,NLH 1B, $ 250 ,," $ 50,000 ",12:00,,NLH Day 2,,,,18:00,,NLH, $ 200 ,," $ 30,000 "
,14:00,20:45,Razz," $ 1,500 ",3 - 40/60,0,14:00,17:30,NLH PKO," $ 10,500 ",,,,,,,,,,,,,,,,,,,,,18:00,,NLH 1C, $ 250 ,," $ 50,000 ",18:00,,NLH, $ 200 ,," $ 20,000 ",22:00,,NLH Survivor, $ 125 ,," $ 1,500 "
,,,,,,,18:00,21:00,NLH Turbo," $ 1,100 ",," $ 100,000 ",,,,,,,,,,,,,,,,,,,21:00,,NLH, $ 150 ,," $ 3,000 ",,,,,,,,,,,,
,,,,,,,,,,,,,,,,,,,,,,,,,,,,,,,,,,,,,,,,,,,,,,,,
Sat 14/6,10:00,22:35,NLH Monsterstack 1D," $ 1,500 ",5 - 60,1e/fl,12:00,16:30,NLH," $ 1,100 ",," $ 250,000 ",10:10,16:25,NLH Seniors," $ 1,100 ",," $ 250,000 ",11:00,,NLH Mystery Bounty," $ 1,100 ",," $ 300,000 ",12:05,,NLH, $ 400 ,," $ 20,000 ",10:00,,Stud/8 - O/8, $ 600 ,," $ 40,000 ",10:00,,NLH Seniors, $ 500 ,," $ 125,000 ",11:00,,NLH, $ 400 ,," $ 40,000 "
,14:00,"Day 2 
15:15",Big O Championship," $ 10,000 ",3 - 60,2,14:00,17:00,Satellite to $2k2 Mystery, $ 400 ,, 10 Seats ,12:10,17:40,PLO," $ 1,100 ",," $ 150,000 ",18:00,,Sat. to $1600, $ 240 ,, 10 Seats ,19:05,,NLH, $ 200 ,," $ 5,000 ",13:00,,NLH Day 2,,,,12:00,,Mixed Triple Draw Lowball, $ 400 ,," $ 20,000 ",16:00,,Triple Stud, $ 240 ,," $ 10,000 "
,,,,,,,18:00,21:00,NLH Turbo," $ 1,100 ",," $ 100,000 ",,,,,,,,,,,,,,,,,,,16:00,,NLH Bomb Pot Turbo, $ 400 ,," $ 25,000 ",18:00,,NLH, $ 200 ,," $ 20,000 ",18:00,,NLH, $ 200 ,," $ 15,000 "
,,,,,,,,,,,,,,,,,,,,,,,,,,,,,,,18:00,,NLH, $ 250 ,," $ 10,000 ",,,,,,,22:00,,NLH Survivor, $ 125 ,," $ 1,500 "
,,,,,,,,,,,,,,,,,,,,,,,,,,,,,,,21:00,,NLH, $ 150 ,," $ 3,000 ",,,,,,,,,,,,
Sun 15/6,10:00,17:00,NLH Salute To Warriors, $ 500 ,3 - 40,1,10:00,14:30,NLH Seniors," $ 1,100 ",," $ 250,000 ",11:10,17:25,NLH Bounty ($200 ; $500 ITM), $ 800 ,," $ 150,000 ",12:00,,NLH," $ 1,600 ",," $ 500,000 ",12:05,,NLH, $ 500 ,," $ 15,000 ",10:00,,NLH , $ 250 ,," $ 10,000 ",11:00,,NLH, $ 250 ,," $ 50,000 ",11:00,,NLH, $ 300 ,," $ 100,000 "
,12:00,"Day 2 
14:15",NLH Super High Roller," $ 250,000 ",3 - 60,1,12:00,19:30,Mystery Bounty 1A," $ 2,200 ",," $ 3,000,000 ",12:10,17:55,BIG O Bounty ($500 ; $1k ITM)," $ 1,600 ",," $ 300,000 ",15:00,19:30,PLO," $ 10,500 ",,,14:05,,O/8 - Stud/8, $ 400 ,," $ 12,500 ",14:00,,PLO Turbo Bounty, $ 400 ,," $ 30,000 ",18:00,,NLH, $ 200 ,," $ 20,000 ",18:00,,PLO, $ 240 ,," $ 10,000 "
,14:00,23:00,O/8 - Stud/8," $ 2,500 ",3 - 60,1,18:00,21:00,NLH Turbo," $ 1,100 ",," $ 100,000 ",,,,,,,,,,,,,19:05,,NLH, $ 200 ,," $ 5,000 ",16:00,,Sat. to Mystery + $250 Cash, $ 100 ,, 2 Packages ,,,,,,,22:00,,NLH Survivor, $ 125 ,," $ 1,500 "
,,,,,,,,,,,,,,,,,,,,,,,,,,,,,,,18:00,,NLH, $ 250 ,," $ 10,000 ",,,,,,,,,,,,
,,,,,,,,,,,,,,,,,,,,,,,,,,,,,,,21:00,,NLH, $ 150 ,," $ 3,000 ",,,,,,,,,,,,
Mon 16/6,10:00,20:15,NLH Seniors 1A," $ 1,000 ",5 - 60,1/fl,10:00,13:00,Satellite to $2k2 Mystery, $ 400 ,, 10 Seats ,11:10,17:25,NLH Bounty ($500 ; $1k ITM)," $ 1,600 ",," $ 300,000 ",11:00,,NLH," $ 1,100 ",," $ 250,000 ",12:05,,NLH, $ 200 ,," $ 5,000 ",8:00,,Sat. to Mystery + $250 Cash, $ 100 ,, 1 Package ,11:00,,NLH, $ 250 ,," $ 40,000 ",11:00,,NLH, $ 400 ,," $ 40,000 "
,12:00,18:30,NLH 6-max," $ 3,000 ",2 - 30/40,1,12:00,19:30,Mystery Bounty 1B," $ 2,200 ",," $ 3,000,000 ",12:10,17:40,PLO Double Board Bomb Pot," $ 1,100 ",," $ 100,000 ",15:00,19:30,PLO," $ 10,500 ",,,19:05,,NLH, $ 200 ,," $ 5,000 ",10:00,,Mystery Bounty 1A, $ 500 ,," $ 250,000 ",12:00,,PLO, $ 400 ,," $ 25,000 ",16:00,,HORSE, $ 240 ,," $ 10,000 "
,14:00,"Day 2 
14:15",Razz Championship," $ 10,000 ",3 - 60/90,0,18:00,21:00,NLH Turbo," $ 1,100 ",," $ 100,000 ",,,,,,,,,,,,,,,,,,,14:00,,Sat. to Mystery + $250 Cash, $ 100 ,, 5 Packages ,16:00,,NLH, $ 120 ,," $ 5,000 ",18:00,,NLH, $ 200 ,," $ 15,000 "
,,,,,,,,,,,,,,,,,,,,,,,,,,,,,,,16:00,,Sat. to Mystery + $250 Cash, $ 100 ,, 5 Packages ,17:00,,Mixed Triple Draw Lowball, $ 250 ,," $ 10,000 ",22:00,,NLH Survivor, $ 125 ,," $ 1,500 "
,,,,,,,,,,,,,,,,,,,,,,,,,,,,,,,18:00,,Mystery Bounty 1B, $ 500 ,," $ 250,000 ",18:00,,NLH, $ 200 ,," $ 20,000 ",,,,,,
,,,,,,,,,,,,,,,,,,,,,,,,,,,,,,,21:00,,NLH, $ 150 ,," $ 3,000 ",,,,,,,,,,,,
Tue 17/6,10:00,20:15,NLH Seniors 1B," $ 1,000 ",5 - 60,1/fl,10:00,13:00,Satellite to $2k2 Mystery, $ 400 ,, 10 Seats ,11:10,17:25,NLH," $ 1,100 ",," $ 200,000 ",11:00,,HORSE, $ 800 ,," $ 100,000 ",12:05,,NLH, $ 200 ,," $ 5,000 ",8:00,,Sat. to Mystery + $250 Cash, $ 100 ,, 1 Package ,11:00,,NLH Ladies, $ 400 ,," $ 30,000 ",11:00,,NLH, $ 300 ,," $ 30,000 "
,12:00,"Day 2 
14:15",PLO Highroller," $ 25,000 ",4 - 60,2,12:00,19:30,Mystery Bounty 1C," $ 2,200 ",," $ 3,000,000 ",18:10,22:40,NLH Bounty, $ 600 ,," $ 40,000 ",,,,,,,19:05,,NLH, $ 200 ,," $ 5,000 ",10:00,,Mystery Bounty 1C, $ 500 ,," $ 250,000 ",12:00,,O/8, $ 400 ,," $ 25,000 ",16:00,,TORSE, $ 240 ,," $ 10,000 "
,14:00,19:03,NLH," $ 1,500 ",3 - 40/60,0,13:00,17:30,PLO Bounty ($500)," $ 1,600 ",," $ 200,000 ",,,,,,,,,,,,,,,,,,,14:00,,Mixed Triple Draw, $ 600 ,," $ 25,000 ",16:00,,NLH, $ 120 ,," $ 5,000 ",18:00,,NLH, $ 200 ,," $ 15,000 "
,,,,,,,18:00,21:00,NLH Turbo," $ 1,100 ",," $ 100,000 ",,,,,,,,,,,,,,,,,,,16:00,,Mystery Bounty 1D, $ 500 ,," $ 250,000 ",17:00,,HORSE, $ 250 ,," $ 10,000 ",22:00,,NLH Survivor, $ 125 ,," $ 1,500 "
,,,,,,,,,,,,,,,,,,,,,,,,,,,,,,,21:00,,NLH, $ 150 ,," $ 3,000 ",18:00,,NLH, $ 200 ,," $ 20,000 ",,,,,,
Wed 18/6,10:00,20:15,NLH Millionaire Maker 1A," $ 1,500 ",5 - 60,1/fl,12:00,19:30,Mystery Bounty 1D," $ 2,200 ",," $ 3,000,000 ",10:10,16:55,NLH Seniors 1A," $ 1,600 ",," $ 2,000,000 ",11:00,,NLH," $ 1,100 ",," $ 250,000 ",12:05,,NLH, $ 300 ,," $ 15,000 ",10:00,,NLH, $ 400 ,," $ 30,000 ",11:00,,Main 1A, $ 600 ,," $ 500,000 ",11:00,,NLH, $ 200 ,," $ 15,000 "
,12:00,19:04,PLO 8-max," $ 1,500 ",3 - 40/60,2,,,,,,,18:10,22:40,NLH Bounty, $ 600 ,," $ 40,000 ",18:00,,Sat. to $2200, $ 300 ,, 10 Seats ,19:05,,NLH, $ 200 ,," $ 5,000 ",18:00,,Mystery Bounty Day 2,,,,12:00,,Mixed Triple Draw Lowball, $ 400 ,," $ 20,000 ",16:00,,O/8 - Stud/8, $ 240 ,," $ 10,000 "
,14:00,"Day 2 
14:15",HORSE Championship," $ 10,000 ",4 - 60/90,0,,,,,,,,,,,,,,,,,,,,,,,,,14:00,,NLH Ladies, $ 250 ,," $ 20,000 ",16:00,,NLH, $ 120 ,," $ 5,000 ",18:00,,NLH, $ 200 ,," $ 15,000 "
,,,,,,,,,,,,,,,,,,,,,,,,,,,,,,,18:00,,PLO, $ 250 ,," $ 5,000 ",18:00,,NLH, $ 200 ,," $ 20,000 ",22:00,,NLH Survivor, $ 125 ,," $ 1,500 "
,,,,,,,,,,,,,,,,,,,,,,,,,,,,,,,21:00,,NLH, $ 150 ,," $ 3,000 ",,,,,,,,,,,,
Thu 19/6,10:00,20:15,NLH Millionaire Maker 1B," $ 1,500 ",5 - 60,1/fl,12:00,,Mystery Bounty Day 2,,,,10:10,16:55,NLH Seniors 1B," $ 1,600 ",," $ 2,000,000 ",12:00,,NLH Mystery Bounty (2-Day)," $ 2,200 ",," $ 1,000,000 ",12:05,,NLH, $ 300 ,," $ 15,000 ",10:00,,NLH 6-max, $ 400 ,," $ 30,000 ",11:00,,Main 1B, $ 600 ,," $ 500,000 ",11:00,,NLH, $ 400 ,," $ 40,000 "
,14:00,20:45,Mixed Triple Draw Lowball," $ 2,500 ",3 - 60,1,13:00,17:30,PLO PKO," $ 3,000 ",," $ 300,000 ",12:10,17:40,BIG O Bounty," $ 1,100 ",," $ 150,000 ",,,,,,,19:05,,NLH, $ 200 ,," $ 5,000 ",14:00,,PLO Bounty ($100), $ 400 ,," $ 25,000 ",12:00,,Triple Stud, $ 400 ,," $ 20,000 ",16:00,,O/8, $ 240 ,," $ 10,000 "
,,,,,,,18:00,21:00,NLH Turbo," $ 1,100 ",," $ 100,000 ",,,,,,,,,,,,,,,,,,,18:00,,NLH Bomb Pot, $ 250 ,," $ 10,000 ",16:00,,NLH, $ 120 ,," $ 5,000 ",18:00,,NLH, $ 200 ,," $ 15,000 "
,,,,,,,,,,,,,,,,,,,,,,,,,,,,,,,21:00,,NLH, $ 150 ,," $ 5,000 ",18:00,,NLH, $ 200 ,," $ 20,000 ",22:00,,NLH Survivor, $ 125 ,," $ 1,500 "
,,,,,,,,,,,,,,,,,,,,,,,,,,,,,,,,,,,,,,,,,,,,,,,,
Fri 20/6,10:00,20:15,NLH Millionaire Maker 1C," $ 1,500 ",5 - 60,1/fl,12:00,16:30,NLH," $ 1,100 ",," $ 250,000 ",10:10,16:55,NLH Seniors 1C," $ 1,600 ",," $ 2,000,000 ",11:00,,NLH Mystery Bounty Day 2,,," $ 1,000,000 ",12:05,,NLH, $ 400 ,," $ 20,000 ",10:00,,NLH Seniors, $ 600 ,," $ 50,000 ",11:00,,Main 1C, $ 600 ,," $ 500,000 ",11:00,,NLH, $ 300 ,," $ 30,000 "
,14:00,"Day 2 
14:15",PLO Highroller," $ 50,000 ",3 - 40,2,13:00,17:30,PLO Bounty ($1k)," $ 3,000 ",," $ 300,000 ",19:10,21:25,Sat. to Ladies HR, $ 300 ,, 3 Seats ,12:00,,NLH, $ 800 ,," $ 200,000 ",19:05,,NLH, $ 200 ,," $ 5,000 ",14:00,,PLO/8," $ 1,000 ",," $ 50,000 ",12:00,,Stud/8, $ 400 ,," $ 30,000 ",18:00,,NLH, $ 200 ,," $ 30,000 "
,,,,,,,18:00,21:00,NLH Turbo," $ 1,100 ",," $ 100,000 ",,,,,,,,,,,,,,,,,,,18:00,,NLH, $ 250 ,," $ 10,000 ",18:00,,NLH, $ 200 ,," $ 20,000 ",22:00,,NLH Survivor, $ 125 ,," $ 1,500 "
,,,,,,,,,,,,,,,,,,,,,,,,,,,,,,,21:00,,NLH, $ 150 ,," $ 3,000 ",,,,,,,,,,,,
,,,,,,,,,,,,,,,,,,,,,,,,,,,,,,,,,,,,,,,,,,,,,,,,
Sat 21/6,10:00,20:15,NLH Millionaire Maker 1D," $ 1,500 ",5 - 60,1/fl,12:00,16:30,NLH," $ 1,100 ",," $ 250,000 ",10:10,16:55,NLH Seniors 1D," $ 1,600 ",," $ 2,000,000 ",11:00,,NLH, $ 800 ,," $ 200,000 ",12:05,,NLH, $ 400 ,," $ 20,000 ",8:00,,Sat. to $800 + $300 cash, $ 140 ,, 1 Package ,11:00,,Main 1D, $ 600 ,," $ 500,000 ",11:00,,NLH Ladies, $ 600 ,," $ 50,000 "
,14:00,20:45,9-Game," $ 3,000 ",3 - 60,1,13:00,17:30,PLO," $ 3,000 ",," $ 300,000 ",19:10,21:25,Sat. to Ladies HR, $ 300 ,, 3 Seats ,18:00,,Sat. to $1600, $ 240 ,, 10 Seats ,19:05,,NLH, $ 200 ,," $ 5,000 ",10:00,,NLH 1A, $ 800 ,," $ 400,000 ",18:00,,NLH, $ 200 ,," $ 20,000 ",16:00,,Triple Triple Draw, $ 240 ,," $ 10,000 "
,,,,,,,17:00,20:40,Satellite to $25k," $ 3,000 ",,,,,,,,,,,,,,,,,,,,,14:00,,Sat. to $800 + $300 cash, $ 140 ,, 5 Packages ,,,,,,,18:00,,NLH, $ 200 ,," $ 15,000 "
,,,,,,,18:00,21:00,NLH Turbo," $ 1,100 ",," $ 100,000 ",,,,,,,,,,,,,,,,,,,16:00,,Sat. to $800 + $300 cash, $ 140 ,, 5 Packages ,,,,,,,22:00,,NLH Survivor, $ 125 ,," $ 1,500 "
,,,,,,,,,,,,,,,,,,,,,,,,,,,,,,,18:00,,NLH 1B, $ 800 ,," $ 400,000 ",,,,,,,,,,,,
,,,,,,,,,,,,,,,,,,,,,,,,,,,,,,,21:00,,NLH, $ 150 ,," $ 3,000 ",,,,,,,,,,,,
Sun 22/6,10:00,14:40,NLH Battle of the Ages - Over 50 1A," $ 1,000 ",2 - 30,2,12:00,19:30,NLH 1A," $ 3,500 ",," $ 4,000,000 ",10:00,,NLH Seniors Day 2,,,,12:00,,NLH," $ 1,600 ",," $ 500,000 ",12:05,,NLH, $ 500 ,," $ 15,000 ",8:00,,Sat. to $800 + $300 cash, $ 140 ,, 1 Package ,11:00,,NLH, $ 250 ,," $ 50,000 ",11:00,,NLH, $ 300 ,," $ 100,000 "
,14:00,23:00,LH 6-max," $ 3,000 ",3 - 60,1,13:00,17:30,5-Card PLO," $ 1,100 ",," $ 200,000 ",11:10,17:25,NLH," $ 1,100 ",," $ 200,000 ",,,,,,,14:05,,O/8, $ 400 ,," $ 12,500 ",10:00,,NLH 1C, $ 800 ,," $ 400,000 ",12:00,,Main day 2,,,,18:00,,Big O, $ 240 ,," $ 10,000 "
,16:00,20:40,NLH Battle of the Ages - Under 50 1B," $ 1,000 ",2 - 30,2,13:00,20:30,NLH 8-Max (2-Day)," $ 25,800 ",,,12:10,21:45,NLH Ladies Highroller (3-Day)," $ 2,500 ",," $ 100,000 ",,,,,,,19:05,,NLH, $ 200 ,," $ 5,000 ",14:00,,Sat. to $800 + $300 cash, $ 140 ,, 5 Packages ,14:00,,2-7 Triple Draw, $ 400 ,," $ 15,000 ",22:00,,NLH Survivor, $ 125 ,," $ 1,500 "
,,,,,,,19:00,22:00,Sat to. $3500, $ 500 ,, 10 Seats ,,,,,,,,,,,,,,,,,,,16:00,,Sat. to $800 + $300 cash, $ 140 ,, 5 Packages ,18:00,,NLH, $ 200 ,," $ 20,000 ",,,,,,
,,,,,,,,,,,,,,,,,,,,,,,,,,,,,,,18:00,,NLH 1D, $ 800 ,," $ 400,000 ",,,,,,,,,,,,
,,,,,,,,,,,,,,,,,,,,,,,,,,,,,,,21:00,,NLH, $ 150 ,," $ 3,000 ",,,,,,,,,,,,
Mon 23/6,10:00,16:30,NLH, $ 500 ,2 - 30,0,11:00,15:30,NLH Ladies, $ 600 ,," $ 50,000 ",11:00,,NLH Seniors Day 3,,,,11:00,,NLH," $ 1,100 ",," $ 250,000 ",12:05,,NLH, $ 200 ,," $ 5,000 ",8:00,,Sat. to $800 + $300 cash, $ 140 ,, 1 Package ,10:00,,NLH Super Seniors, $ 400 ,," $ 50,000 ",11:00,,NLH, $ 400 ,," $ 40,000 "
,12:00,"Day 2 
13:15",NLH 6-max," $ 5,000 ",4 - 60,1,12:00,19:30,NLH 1B," $ 3,500 ",," $ 4,000,000 ",11:10,17:25,NLH," $ 1,100 ",," $ 200,000 ",15:00,19:30,PLO," $ 10,500 ",,,,,,,,,10:00,,NLH 1E, $ 800 ,," $ 400,000 ",12:00,,5-Card PLO / Big O, $ 400 ,," $ 20,000 ",16:00,,HORSE, $ 240 ,," $ 10,000 "
,14:00,20:45,2-7 Triple Draw," $ 1,500 ",3 - 40/60,1,19:00,22:00,Sat to. $3500, $ 500 ,, 10 Seats ,12:00,,NLH Ladies Highroller Day 2,,,,,,,,,,19:05,,NLH, $ 200 ,," $ 5,000 ",18:00,,Sat. to $800 + $300 cash, $ 140 ,, 2 Packages ,16:00,,NLH, $ 120 ,," $ 5,000 ",18:00,,NLH, $ 200 ,," $ 15,000 "
,,,,,,,,,,,,,,,,,,,,,,,,,,,,,,,18:00,,Big O, $ 250 ,," $ 5,000 ",18:00,,NLH, $ 200 ,," $ 20,000 ",22:00,,NLH Survivor, $ 125 ,," $ 1,500 "
,,,,,,,,,,,,,,,,,,,,,,,,,,,,,,,21:00,,NLH, $ 150 ,," $ 3,000 ",,,,,,,,,,,,
Tue 24/6,10:00,20:15,NLH Super Seniors," $ 1,000 ",4 - 60,1,12:00,19:30,NLH 1C," $ 3,500 ",," $ 4,000,000 ",11:10,17:25,BIG O Bounty ($500 ; $1k ITM)," $ 1,600 ",," $ 300,000 ",11:00,,NLH," $ 1,100 ",," $ 250,000 ",12:05,,NLH, $ 200 ,," $ 5,000 ",10:00,,NLH 1A, $ 400 ,," $ 100,000 ",11:00,,NLH, $ 400 ,," $ 40,000 ",11:00,,O/8, $ 600 ,," $ 50,000 "
,12:00,18:00,NLH Tag Team," $ 1,000 ",3 - 60,0,,,,,,,12:00,,NLH Ladies Highroller Day 3,,,,15:00,19:30,PLO," $ 10,500 ",,,19:05,,NLH, $ 200 ,," $ 5,000 ",18:00,,NLH Day 2,,,,12:00,,Mixed Triple Draw Lowball, $ 400 ,," $ 20,000 ",16:00,,NLH Survivor $2k , $ 230 ,," $ 15,000 "
,14:00,"Day 2 
20:15",Poker Players Championship," $ 50,000 ",5 - 100,0,,,,,,,12:10,18:25,NLH Ladies, $ 600 ,," $ 75,000 ",,,,,,,,,,,,,18:00,,NLH 1B, $ 400 ,," $ 100,000 ",16:00,,NLH, $ 120 ,," $ 5,000 ",18:00,,NLH, $ 200 ,," $ 15,000 "
,,,,,,,,,,,,,,,,,,,,,,,,,,,,,,,21:00,,NLH, $ 150 ,," $ 3,000 ",18:00,,NLH, $ 200 ,," $ 20,000 ",22:00,,NLH Survivor, $ 125 ,," $ 1,500 "
,,,,,,,,,,,,,,,,,,,,,,,,,,,,,,,,,,,,,,,,,,,,,,,,
Wed 25/6,10:00,16:30,NLH Gladiators 1A, $ 300 ,3 - 30/40,2/fl,12:00,,NLH Day 2,,,,11:10,17:55,NLH 1A," $ 1,600 ",," $ 1,500,000 ",11:00,,Ladies Mystery Bounty, $ 800 ,," $ 100,000 ",12:05,,NLH, $ 300 ,," $ 15,000 ",10:00,,NLH, $ 250 ,," $ 10,000 ",11:00,,Mystery Bounty 1A," $ 1,200 ",," $ 1,000,000 ",11:00,,NLH, $ 400 ,," $ 40,000 "
,12:00,"Day 2 
14:15",NLH," $ 3,000 ",4 - 60,1,13:00,16:40,Satellite to Main," $ 1,100 ",, 20 Seats ,12:10,17:40,BIG O Bounty ($200 ; $500 ITM)," $ 1,100 ",," $ 150,000 ",12:00,,NLH," $ 1,100 ",," $ 250,000 ",19:05,,NLH, $ 200 ,," $ 5,000 ",18:00,,NLH Day 2,,,,12:00,,Razz, $ 400 ,," $ 25,000 ",16:00,,TORSE, $ 240 ,," $ 10,000 "
,14:00,20:45,Stud/8," $ 1,500 ",3 - 40/60,0,18:00,21:40,Satellite to Main," $ 1,100 ",, 10 Seats ,,,,,,,15:00,19:30,PLO," $ 10,500 ",,,,,,,,,14:00,,NLH Mystery Bounty, $ 400 ,," $ 40,000 ",18:00,,NLH, $ 200 ,," $ 20,000 ",18:00,,NLH, $ 200 ,," $ 15,000 "
,,,,,,,,,,,,,,,,,,,,,,,,,,,,,,,18:00,,NLH, $ 250 ,," $ 10,000 ",,,,,,,22:00,,NLH Survivor, $ 125 ,," $ 1,500 "
,,,,,,,,,,,,,,,,,,,,,,,,,,,,,,,21:00,,NLH, $ 150 ,," $ 3,000 ",,,,,,,,,,,,
Thu 26/6,10:00,16:30,NLH Gladiators 1B, $ 300 ,3 - 30/40,2/fl,12:00,,NLH Day 3,,,,10:10,16:55,NLH Super Seniors (2-Day) ," $ 1,100 ",," $ 100,000 ",11:00,,NLH," $ 1,100 ",," $ 250,000 ",12:05,,NLH, $ 300 ,," $ 15,000 ",10:00,,NLH Mystery Bounty, $ 400 ,," $ 50,000 ",11:00,,Mystery Bounty 1B," $ 1,200 ",," $ 1,000,000 ",11:00,,Triple Stud, $ 600 ,," $ 30,000 "
,12:00,22:00,NLH Ladies Championship," $ 1,000 ",4 - 60,1,12:00,21:45,Main 1A," $ 10,400 ",," $ 10,000,000 ",11:10,17:55,NLH 1B," $ 1,600 ",," $ 1,500,000 ",15:00,19:30,PLO," $ 10,500 ",,,19:05,,NLH, $ 200 ,," $ 5,000 ",14:00,,Sat. into any $400 + $200 Cash, $ 86 ,, 2 Packages ,12:00,,HORSE, $ 600 ,," $ 50,000 ",18:00,,NLH, $ 200 ,," $ 15,000 "
,14:00,"Day 2 
14:15",2-7 Triple Draw Championship," $ 10,000 ",3 - 60/90,0,12:00,15:40,Satellite to Main," $ 1,100 ",, 10 Seats ,,,,,,,,,,,,,,,,,,,18:00,,NLH, $ 286 ,," $ 10,000 ",18:00,,NLH, $ 200 ,," $ 20,000 ",22:00,,NLH Survivor, $ 125 ,," $ 1,500 "
,,,,,,,18:00,21:40,Satellite to Main," $ 1,100 ",, 10 Seats ,,,,,,,,,,,,,,,,,,,21:00,,NLH, $ 150 ,," $ 5,000 ",,,,,,,,,,,,
,,,,,,,,,,,,,,,,,,,,,,,,,,,,,,,,,,,,,,,,,,,,,,,,
Fri 27/6,10:00,16:30,NLH Gladiators 1C, $ 300 ,3 - 30/40,2/fl,12:00,21:45,Main 1B," $ 10,400 ",," $ 10,000,000 ",10:00,,NLH Super Seniors Day 2,,,,11:00,,NLH," $ 1,100 ",," $ 250,000 ",12:05,, NLH, $ 400 ,," $ 20,000 ",10:00,,NLH Seniors (49+) , $ 400 ,," $ 50,000 ",11:00,,Mystery Bounty 1C," $ 1,200 ",," $ 1,000,000 ",11:00,,NLH, $ 300 ,," $ 30,000 "
,12:00,16:30,NLH Turbo Bounty 8-max ($3k)," $ 10,000 ",1 - 20,1,12:00,15:40,Satellite to Main," $ 1,100 ",, 10 Seats ,11:10,17:55,NLH 1C," $ 1,600 ",," $ 1,500,000 ",,,,,,,19:05,, NLH, $ 200 ,," $ 5,000 ",14:00,,Sat. into any $400 + $200 Cash, $ 86 ,, 2 Packages ,12:00,,LO, $ 400 ,," $ 25,000 ",16:00,,PLO, $ 240 ,," $ 10,000 "
,14:00,19:30,8-Game," $ 1,500 ",3 - 40/60,1,18:00,21:40,Satellite to Main," $ 1,100 ",, 10 Seats ,,,,,,,,,,,,,,,,,,,18:00,,NLH, $ 286 ,," $ 10,000 ",18:00,,NLH, $ 200 ,," $ 20,000 ",18:00,,NLH, $ 200 ,," $ 30,000 "
,,,,,,,,,,,,,,,,,,,,,,,,,,,,,,,21:00,,NLH, $ 150 ,," $ 5,000 ",,,,,,,22:00,,NLH Survivor, $ 125 ,," $ 1,500 "
,,,,,,,,,,,,,,,,,,,,,,,,,,,,,,,,,,,,,,,,,,,,,,,,
Sat 28/6,10:00,16:30,NLH Gladiators 1D, $ 300 ,3 - 30/40,2/fl,12:00,21:45,Main 1C," $ 10,400 ",," $ 10,000,000 ",11:00,,NLH Day 2,,,,11:00,,NLH," $ 1,100 ",," $ 250,000 ",12:05,,NLH, $ 400 ,," $ 20,000 ",10:00,,NLH, $ 400 ,," $ 50,000 ",11:00,,Mystery Bounty 1D," $ 1,200 ",," $ 1,000,000 ",11:00,,NLH, $ 400 ,," $ 40,000 "
,14:00,"Day 2 
15:15",PLO Championship," $ 10,000 ",4 - 60,2,12:00,15:40,Satellite to Main," $ 1,100 ",, 10 Seats ,11:10,17:25,NLH, $ 800 ,," $ 150,000 ",,,,,,,19:05,,NLH, $ 200 ,," $ 5,000 ",14:00,,NLH Ladies, $ 400 ,," $ 50,000 ",18:00,,NLH, $ 200 ,," $ 20,000 ",18:00,,Big O, $ 240 ,," $ 15,000 "
,,,,,,,18:00,21:40,Satellite to Main," $ 1,100 ",, 10 Seats ,18:10,22:40,NLH Bounty, $ 600 ,," $ 40,000 ",,,,,,,,,,,,,18:00,,NLH, $ 286 ,," $ 10,000 ",,,,,,,22:00,,NLH Survivor, $ 125 ,," $ 1,500 "
,,,,,,,,,,,,,,,,,,,,,,,,,,,,,,,21:00,,NLH, $ 150 ,," $ 5,000 ",,,,,,,,,,,,
,,,,,,,,,,,,,,,,,,,,,,,,,,,,,,,,,,,,,,,,,,,,,,,,
Sun 29/6,10:00,17:00,NLH Mini Main 1A," $ 1,000 ",3 - 30,1e/fl,10:00,12:10,Satellite to Main," $ 1,100 ",, 5 Seats ,11:00,,NLH Day 3,,,,11:00,,NLH Mystery Bounty," $ 1,100 ",," $ 500,000 ",12:05,,NLH, $ 500 ,," $ 15,000 ",10:00,,PLO, $ 400 ,," $ 50,000 ",11:00,,NLH, $ 250 ,," $ 50,000 ",11:00,,NLH, $ 300 ,," $ 100,000 "
,14:00,23:00,Mixed Big Bet 6-max," $ 2,500 ",3 - 60,2,12:00,21:45,Main 1D," $ 10,400 ",," $ 10,000,000 ",11:10,17:55,PLO 1A," $ 1,100 ",," $ 300,000 ",18:00,,Sat. to Main, $ 400 ,, 10 Seats ,14:05,,Stud/8, $ 400 ,," $ 12,500 ",14:00,,Sat. to Main, $ 200 ,, 5 Seats ,12:00,,Mystery Bounty Day 2,,,,18:00,,Triple Triple Draw, $ 240 ,," $ 10,000 "
,,,,,,,,,,,,,18:10,22:40,NLH Bounty, $ 600 ,," $ 40,000 ",,,,,,,19:05,,NLH, $ 200 ,," $ 5,000 ",18:00,,NLH, $ 286 ,," $ 10,000 ",18:00,,NLH, $ 200 ,," $ 20,000 ",22:00,,NLH Survivor, $ 125 ,," $ 1,500 "
,,,,,,,,,,,,,,,,,,,,,,,,,,,,,,,21:00,,NLH, $ 150 ,," $ 5,000 ",,,,,,,,,,,,
,,,,,,,,,,,,,,,,,,,,,,,,,,,,,,,,,,,,,,,,,,,,,,,,
Mon 30/6,10:00,17:00,NLH Mini Main 1B," $ 1,000 ",3 - 30,1e/fl,12:00,,Main Day 2,,,,11:10,17:55,PLO 1B," $ 1,100 ",," $ 300,000 ",12:00,,Main 1A," $ 3,500 ",," $ 3,000,000 ",13:05,,NLH Ladies , $ 360 ,," $ 40,000 ",10:00,,NLH, $ 400 ,," $ 50,000 ",11:00,,NLH, $ 250 ,," $ 40,000 ",11:00,,NLH, $ 200 ,," $ 15,000 "
,14:00,"Day 2 
14:15",Stud/8 Championship," $ 10,000 ",3 - 60/90,0,13:00,17:30,NLH," $ 1,100 ",," $ 250,000 ",18:10,22:40,NLH Bounty, $ 600 ,," $ 40,000 ",18:00,,Sat. to Main, $ 400 ,, 10 Seats ,19:05,,NLH, $ 200 ,," $ 5,000 ",14:00,,Sat. to Main, $ 200 ,, 5 Seats ,12:00,,TORSE, $ 600 ,," $ 50,000 ",16:00,,HORSE, $ 240 ,," $ 10,000 "
,,,,,,,14:00,21:30,NLH 8-Max (2-Day)," $ 25,800 ",,,,,,,,,,,,,,,,,,,,,18:00,,NLH, $ 286 ,," $ 10,000 ",16:00,,NLH, $ 120 ,," $ 5,000 ",18:00,,Sat. Main, $ 100 ,," $ 15,000 "
,,,,,,,18:00,21:00,NLH Turbo," $ 1,100 ",," $ 100,000 ",,,,,,,,,,,,,,,,,,,21:00,,NLH, $ 150 ,," $ 5,000 ",18:00,,NLH, $ 200 ,," $ 20,000 ",22:00,,NLH Survivor, $ 125 ,," $ 1,500 "
,,,,,,,,,,,,,,,,,,,,,,,,,,,,,,,,,,,,,,,,,,,,,,,,
Tue 1/7,,,Main Event Satellite Days July 1 - July 7,,,,12:00,,Main Day 3,,,,11:00,,PLO Day 2,,,,12:00,,Main 1B," $ 3,500 ",," $ 3,000,000 ",12:05,,NLH, $ 200 ,," $ 5,000 ",18:00,,Main 1A," $ 1,700 ",," $ 1,000,000 ",11:00,,NLH, $ 400 ,," $ 40,000 ",11:00,,8-Game, $ 600 ,," $ 30,000 "
,10:00,17:00,NLH Pokernews Championship , $ 600 ,4 - 40/60,1,13:00,17:30,NLH," $ 1,100 ",," $ 250,000 ",11:10,17:25,NLH Bounty ($200 ; $500 ITM), $ 800 ,," $ 150,000 ",,,,,,,19:05,,NLH, $ 200 ,," $ 5,000 ",14:00,,Sat. to Main, $ 200 ,, 10 Seats ,12:00,,O/8 - Stud/8, $ 400 ,," $ 25,000 ",16:00,,Sat. Main, $ 100 ,," $ 15,000 "
,14:00,"Day 2 
14:15",PLO Highroller," $ 100,000 ",3 - 40,2,17:00,20:40,Satellite to $25k," $ 3,000 ",,,,,,,,,,,,,,,,,,,,,18:00,,NLH, $ 286 ,," $ 10,000 ",16:00,,NLH, $ 120 ,," $ 5,000 ",18:00,,NLH, $ 200 ,," $ 15,000 "
,,,,,,,18:00,21:00,NLH Turbo," $ 1,100 ",," $ 100,000 ",,,,,,,,,,,,,,,,,,,21:00,,NLH, $ 150 ,," $ 5,000 ",18:00,,NLH, $ 200 ,," $ 20,000 ",22:00,,NLH Survivor, $ 125 ,," $ 1,500 "
,,,,,,,,,,,,,,,,,,,,,,,,,,,,,,,,,,,,,,,,,,,,,,,,
Wed 2/7,10:00,17:00,NLH Summer Celebration 1A, $ 800 ,2 - 30,1/fl,12:00,,Main FT,,,,11:10,17:25,NLH," $ 1,100 ",," $ 250,000 ",12:00,,Main Day 2,,," $ 3,000,000 ",12:05,,NLH, $ 300 ,," $ 15,000 ",18:00,,Main 1B," $ 1,700 ",," $ 1,000,000 ",11:00,,NLH, $ 300 ,," $ 50,000 ",11:00,,Main 1A, $ 800 ,," $ 500,000 "
,12:00,"Day 2 
16:40",Main Event 1A," $ 10,000 ",10 - 120,0,12:00,16:30,NLH," $ 1,600 ",," $ 500,000 ",,,,,,,,,,,,,19:05,,NLH, $ 200 ,," $ 5,000 ",14:00,,Sat. to Main, $ 200 ,, 10 Seats ,12:00,,8-Game," $ 1,000 ",," $ 50,000 ",16:00,,Sat. Main, $ 100 ,,
,14:00,"Day 2 
14:15",8-Game Championship," $ 10,000 ",3 - 60/90,0,13:00,20:30,PLO Mystery Bounty 1A," $ 3,000 ",," $ 1,000,000 ",,,,,,,,,,,,,,,,,,,18:00,,NLH, $ 286 ,," $ 10,000 ",18:00,,NLH, $ 200 ,," $ 20,000 ",17:00,,Main 1B, $ 800 ,," $ 500,000 "
,,,,,,,14:00,21:30,NLH 8-Max (2-Day)," $ 25,800 ",,,,,,,,,,,,,,,,,,,,,21:00,,NLH, $ 150 ,," $ 5,000 ",,,,,,,22:00,,NLH Survivor, $ 125 ,," $ 1,500 "
,,,,,,,18:00,21:00,NLH Turbo," $ 1,100 ",," $ 100,000 ",,,,,,,,,,,,,,,,,,,,,,,,,,,,,,,,,,,,
Thu 3/7,10:00,17:00,NLH Summer Celebration 1B, $ 800 ,2 - 30,1/fl,12:00,16:30,NLH," $ 1,100 ",," $ 250,000 ",11:10,17:25,NLH Bounty ($200 ; $500 ITM)," $ 1,100 ",," $ 250,000 ",11:00,,NLH," $ 1,100 ",," $ 250,000 ",12:05,,NLH, $ 300 ,," $ 15,000 ",18:00,,Main 1C," $ 1,700 ",," $ 1,000,000 ",,,,,,,11:00,,Main 1C, $ 800 ,," $ 500,000 "
,12:00,"Day 2 
16:40",Main Event 1B," $ 10,000 ",10 - 120,0,13:00,20:30,PLO Mystery Bounty 1B," $ 3,000 ",," $ 1,000,000 ",,,,,,,12:00,,Main Day 3,,," $ 3,000,000 ",19:05,,NLH, $ 200 ,," $ 5,000 ",21:00,,NLH, $ 150 ,," $ 5,000 ",,,,,,,16:00,,Sat. Main, $ 100 ,,
,14:00,0:00,NLH," $ 2,500 ",3 - 40/60,1,18:00,21:00,NLH Turbo," $ 1,100 ",," $ 100,000 ",,,,,,,15:00,19:30,NLH," $ 15,700 ",,,,,,,,,,,,,,,,,,,,,17:00,,Main 1D, $ 800 ,," $ 500,000 "
,,,,,,,,,,,,,,,,,,,18:00,,Sat. to $2200 PLO, $ 300 ,, 10 Seats ,,,,,,,,,,,,,,,,,,,22:00,,NLH Survivor, $ 125 ,," $ 1,500 "
,,,,,,,,,,,,,,,,,,,,,,,,,,,,,,,,,,,,,,,,,,,,,,,,
Fri 4/7,12:00,"Day 2 
16:40",Main Event 1C," $ 10,000 ",10 - 120,0,12:00,19:30,Mystery Bounty 1A," $ 1,600 ",," $ 2,000,000 ",11:10,17:25,NLH," $ 1,100 ",," $ 200,000 ",12:00,,PLO Main (2-day)," $ 2,200 ",," $ 1,000,000 ",12:05,,NLH, $ 400 ,," $ 20,000 ",18:00,,Main Day 2,,,,,,,,,,11:00,,Main 1E, $ 800 ,," $ 500,000 "
,17:00,22:45,NLH," $ 1,000 ",2 - 30,1,13:00,,PLO Mystery Bounty Day 2,,,,,,,,,,,,Main FT,,,,19:05,,NLH, $ 200 ,," $ 5,000 ",14:00,,NLH," $ 2,500 ",,,,,,,,,16:00,,Sat. Main, $ 100 ,,
,,,,,,,18:00,21:00,NLH Turbo," $ 1,100 ",," $ 100,000 ",,,,,,,15:00,19:30,NLH," $ 15,700 ",,,,,,,,,18:00,,NLH, $ 286 ,," $ 10,000 ",,,,,,,17:00,,Main 1F, $ 800 ,," $ 500,000 "
,,,,,,,19:00,22:00,"Satellite to $1,600", $ 300 ,, 10 Seats ,,,,,,,,,,,,,,,,,,,21:00,,NLH, $ 130 ,," $ 5,000 ",,,,,,,22:00,,NLH Survivor, $ 125 ,," $ 1,500 "
,,,,,,,,,,,,,,,,,,,,,,,,,,,,,,,,,,,,,,,,,,,,,,,,
Sat 5/7,12:00,"Day 2 
16:40",Main Event 1D," $ 10,000 ",10 - 120,0,12:00,19:30,Mystery Bounty 1B," $ 1,600 ",," $ 2,000,000 ",11:10,17:25,NLH Bounty ($200 ; $500 ITM)," $ 1,600 ",," $ 500,000 ",11:00,,NLH," $ 1,100 ",," $ 250,000 ",12:05,,NLH, $ 400 ,," $ 20,000 ",10:00,,NLH, $ 400 ,," $ 40,000 ",,,,,,,11:00,,Main 1G, $ 800 ,," $ 500,000 "
,,,,,,,18:00,21:00,NLH Turbo," $ 1,100 ",," $ 100,000 ",,,,,,,12:00,,PLO Main Day 2,,," $ 1,000,000 ",19:05,,NLH, $ 200 ,," $ 5,000 ",18:00,,NLH, $ 286 ,," $ 10,000 ",,,,,,,17:00,,Main 1H, $ 800 ,," $ 500,000 "
,,,,,,,,,,,,,,,,,,,15:00,19:30,NLH," $ 15,700 ",,,,,,,,,21:00,,NLH, $ 150 ,," $ 5,000 ",,,,,,,22:00,,NLH Survivor, $ 125 ,," $ 1,500 "
,,,,,,,,,,,,,,,,,,,,,,,,,,,,,,,,,,,,,,,,,,,,,,,,
,,,,,,,,,,,,,,,,,,,,,,,,,,,,,,,,,,,,,,,,,,,,,,,,
Sun 6/7,10:00,18:15,NLH 1A, $ 600 ,4 - 30/40,2/fl,12:00,19:30,Mystery Bounty 1C," $ 1,600 ",," $ 2,000,000 ",11:10,17:25,NLH Bounty ($200 ; $500 ITM)," $ 1,100 ",," $ 250,000 ",11:00,,PLO," $ 1,100 ",," $ 200,000 ",12:05,,NLH, $ 500 ,," $ 15,000 ",10:00,,NLH, $ 400 ,," $ 40,000 ",,,,,,,12:00,,Main Day 2,,,
,12:00,"Day 2 
16:40",Main Event 2ABC," $ 10,000 ",10 - 120,0,,,,,,,,,,,,,15:00,19:30,NLH," $ 15,700 ",,,14:05,,HEROS, $ 400 ,," $ 12,500 ",18:00,,NLH, $ 286 ,," $ 10,000 ",,,,,,,14:00,,NLH, $ 300 ,," $ 100,000 "
,,,,,,,,,,,,,,,,,,,,,,,,,19:05,,NLH, $ 200 ,," $ 5,000 ",21:00,,NLH, $ 150 ,," $ 5,000 ",,,,,,,18:00,,Big O, $ 240 ,," $ 10,000 "
,,,,,,,,,,,,,,,,,,,,,,,,,,,,,,,,,,,,,,,,,,,22:00,,NLH Survivor, $ 125 ,," $ 1,500 "
,,,,,,,,,,,,,,,,,,,,,,,,,,,,,,,,,,,,,,,,,,,,,,,,
Mon 7/7,10:00,18:15,NLH 1B, $ 600 ,4 - 30/40,2/fl,12:00,,Mystery Bounty Day 2,,,,10:10,16:55,NLH Seniors 1A," $ 1,100 ",," $ 750,000 ",11:00,,NLH," $ 1,100 ",," $ 250,000 ",12:05,,NLH, $ 200 ,," $ 5,000 ",,,,,,,,,,,,,11:00,,NLH, $ 300 ,," $ 30,000 "
,12:00,"Day 2 
16:40",Main Event 2D," $ 10,000 ",10 - 120,0,12:00,19:30,NLH 1A," $ 2,200 ",," $ 2,000,000 ",12:10,17:40,PLO Bounty ($200 ; $500 ITM)," $ 1,100 ",," $ 150,000 ",15:00,19:30,NLH," $ 15,700 ",,,19:05,,NLH, $ 200 ,," $ 5,000 ",,,,,,,,,,,,,16:00,,ROSE, $ 240 ,," $ 10,000 "
,,,,,,,19:00,22:00,"Satellite to $2,200", $ 400 ,, 10 Seats ,,,,,,,,,,,,,,,,,,,,,,,,,,,,,,,18:00,,NLH, $ 200 ,," $ 15,000 "
,,,,,,,,,,,,,,,,,,,,,,,,,,,,,,,,,,,,,,,,,,,22:00,,NLH Survivor, $ 125 ,," $ 1,500 "
,,,,,,,,,,,,,,,,,,,,,,,,,,,,,,,,,,,,,,,,,,,,,,,,
Tue 8/7,10:00,20:00,PLO Mystery Bounty 1A," $ 1,000 ",3 - 40,2/fl,10:00,12:10,"Satellite to $2,200", $ 400 ,, 5 Seats ,10:10,16:55,NLH Seniors 1B," $ 1,100 ",," $ 750,000 ",11:00,,NLH," $ 1,100 ",," $ 250,000 ",12:05,,NLH, $ 200 ,," $ 5,000 ",,,,,,,,,,,,,11:00,,NLH, $ 400 ,," $ 40,000 "
,12:00,,Main Event 3,,10 - 120,,12:00,19:30,NLH 1B," $ 2,200 ",," $ 2,000,000 ",18:10,22:40,NLH Bounty, $ 600 ,," $ 40,000 ",18:00,,Sat. to $1600, $ 240 ,, 10 Seats ,19:05,,NLH, $ 200 ,," $ 5,000 ",,,,,,,,,,,,,16:00,,NL 2-7, $ 240 ,," $ 10,000 "
,14:00,18:45,NLH Turbo Bounty ($1500)," $ 5,000 ",1 - 20,1,,,,,,,,,,,,,,,,,,,,,,,,,,,,,,,,,,,,,18:00,,NLH, $ 200 ,," $ 15,000 "
,,,,,,,,,,,,,,,,,,,,,,,,,,,,,,,,,,,,,,,,,,,22:00,,NLH Survivor, $ 125 ,," $ 1,500 "
,,,,,,,,,,,,,,,,,,,,,,,,,,,,,,,,,,,,,,,,,,,,,,,,
Wed 9/7,10:00,20:00,PLO Mystery Bounty 1B," $ 1,000 ",3 - 40,2/fl,12:00,,NLH Day 2,,,,10:10,16:55,NLH Seniors 1C," $ 1,100 ",," $ 750,000 ",12:00,,NLH," $ 1,600 ",," $ 500,000 ",12:05,,NLH, $ 300 ,," $ 15,000 ",,,,,,,,,,,,,11:00,,TOE, $ 600 ,," $ 50,000 "
,12:00,,Main Event 4,,10 - 120,,13:00,17:30,NLH," $ 1,100 ",," $ 250,000 ",18:10,22:40,NLH Bounty, $ 600 ,," $ 40,000 ",,,,,,,19:05,,NLH, $ 200 ,," $ 5,000 ",,,,,,,,,,,,,16:00,,NLH Survivor $2k , $ 230 ,," $ 15,000 "
,12:00,"Day 2 
14:15",NLH Highroller," $ 50,000 ",3 - 60,1,18:00,21:00,NLH Turbo," $ 1,100 ",," $ 100,000 ",,,,,,,,,,,,,,,,,,,,,,,,,,,,,,,18:00,,NLH, $ 200 ,," $ 15,000 "
,14:00,"Day 2 
14:15",NLH Midstakes Championship 1A," $ 3,000 ",4 - 60,1/fl,,,,,,,,,,,,,,,,,,,,,,,,,,,,,,,,,,,,,22:00,,NLH Survivor, $ 125 ,," $ 1,500 "
,,,,,,,,,,,,,,,,,,,,,,,,,,,,,,,,,,,,,,,,,,,,,,,,
Thu 10/7,10:00,17:00,NLH Lucky 7's 7-max 1A, $ 777 ,3 - 30/40,UL,11:00,15:30,TORSE," $ 1,100 ",," $ 50,000 ",10:00,,NLH Seniors Day 2,,,,11:00,,NLH," $ 1,100 ",," $ 250,000 ",12:05,,NLH, $ 300 ,," $ 15,000 ",,,,,,,,,,,,,11:00,,O/8 - Stud/8, $ 600 ,," $ 50,000 "
,12:00,,Main Event 5,,10 - 120,,12:00,,NLH Final Table,,,,11:10,14:25,Sat. to Main, $ 550 ,, 5 Seats ,,,,,,,19:05,,NLH, $ 200 ,," $ 5,000 ",,,,,,,,,,,,,16:00,,NLH Survivor $1k , $ 125 ,," $ 15,000 "
,12:00,19:40,PLO 6-max," $ 1,500 ",3 - 40/60,2,12:00,16:30,NLH," $ 1,100 ",," $ 250,000 ",16:10,19:25,Sat. to Main, $ 550 ,, 4 Seats ,,,,,,,,,,,,,,,,,,,,,,,,,18:00,,NLH, $ 200 ,," $ 15,000 "
,14:00,"Day 2 
14:15",NLH Midstakes Championship 1B," $ 3,000 ",4 - 60,1/fl,18:00,21:00,NLH Turbo," $ 1,100 ",," $ 100,000 ",20:10,21:40,Turbo sat. to Main, $ 550 ,, 3 Seats ,,,,,,,,,,,,,,,,,,,,,,,,,22:00,,NLH Survivor, $ 125 ,," $ 1,500 "
,,,,,,,,,,,,,,,,,,,,,,,,,,,,,,,,,,,,,,,,,,,,,,,,
Fri 11/7,10:00,17:00,NLH Lucky 7's 7-max 1B, $ 777 ,3 - 30/40,UL,12:00,16:30,NLH," $ 1,100 ",," $ 250,000 ",11:00,,NLH Seniors Day 3,,,,11:00,,PLO Mystery Bounty," $ 1,100 ",," $ 250,000 ",12:05,,NLH, $ 400 ,," $ 20,000 ",,,,,,,,,,,,,11:00,,NLH, $ 200 ,," $ 15,000 "
,12:00,,Main Event 6,,10 - 120,,13:00,17:30,NLH 6-Max," $ 10,500 ",,,10:10,13:25,Sat. to Main, $ 550 ,, 5 Seats ,,,,,,,19:05,,NLH, $ 200 ,," $ 5,000 ",,,,,,,,,,,,,16:00,,NLH Survivor $1k , $ 125 ,," $ 15,000 "
,12:00,19:30,NLH Hall of Fame Bounty (~$2k)," $ 1,979 ",2 - 40,UL,18:00,21:00,NLH Turbo," $ 1,100 ",," $ 100,000 ",11:10,20:10,Main 1A," $ 5,000 ",," $ 4,000,000 ",,,,,,,,,,,,,,,,,,,,,,,,,18:00,,NLH, $ 200 ,," $ 15,000 "
,14:00,23:00,TORSE," $ 3,000 ",3 - 60,0,,,,,,,16:10,19:25,Sat. to Main, $ 550 ,, 4 Seats ,,,,,,,,,,,,,,,,,,,,,,,,,22:00,,NLH Survivor, $ 125 ,," $ 1,500 "
,,,,,,,,,,,,,20:10,21:40,Turbo sat. to Main, $ 550 ,, 3 Seats ,,,,,,,,,,,,,,,,,,,,,,,,,,,,,,
Sat 12/7,10:00,17:00,NLH Lucky 7's 7-max 1C, $ 777 ,3 - 30/40,UL,12:00,16:30,NLH," $ 1,100 ",," $ 100,000 ",10:10,13:25,Sat. to Main, $ 550 ,, 5 Seats ,11:00,,NLH," $ 1,100 ",," $ 250,000 ",12:05,,NLH, $ 400 ,," $ 20,000 ",,,,,,,,,,,,,11:00,,NLH, $ 200 ,," $ 15,000 "
,12:00,,Main Event 7,,10 - 120,,13:00,17:30,PLO 6-Max ," $ 1,100 ",," $ 50,000 ",11:10,20:10,Main 1B," $ 5,000 ",," $ 4,000,000 ",,,,,,,19:05,,NLH, $ 200 ,," $ 5,000 ",,,,,,,,,,,,,16:00,,NLH Survivor $2k , $ 230 ,," $ 15,000 "
,14:00,"Day 2 
15:15",NLH 6-max Championship," $ 10,000 ",3 - 60,0,18:00,21:00,NLH Turbo," $ 1,100 ",," $ 100,000 ",16:10,19:25,Sat. to Main, $ 550 ,, 4 Seats ,,,,,,,,,,,,,,,,,,,,,,,,,18:00,,NLH, $ 200 ,," $ 15,000 "
,,,,,,,,,,,,,20:10,21:40,Turbo sat. to Main, $ 550 ,, 3 Seats ,,,,,,,,,,,,,,,,,,,,,,,,,22:00,,NLH Survivor, $ 125 ,," $ 1,500 "
,,,,,,,,,,,,,,,,,,,,,,,,,,,,,,,,,,,,,,,,,,,,,,,,
Sun 13/7,10:00,17:00,NLH, $ 800 ,2 - 30,1,12:00,16:30,NLH, $ 600 ,," $ 50,000 ",11:10,20:10,Main 1C," $ 5,000 ",," $ 4,000,000 ",13:00,,NLH Mystery Bounty," $ 1,100 ",," $ 250,000 ",12:05,,NLH, $ 200 ,," $ 5,000 ",,,,,,,,,,,,,11:00,,NLH, $ 300 ,," $ 100,000 "
,12:00,,Main Event 8 - down to FT,,10 - 120,,18:00,21:00,NLH Turbo, $ 600 ,," $ 50,000 ",,,,,,,,,,,,,19:05,,NLH, $ 200 ,," $ 5,000 ",,,,,,,,,,,,,18:00,,Big O, $ 240 ,," $ 10,000 "
,14:00,23:00,PLO 6-max," $ 3,000 ",3 - 40/60,2,,,,,,,,,,,,,,,,,,,,,,,,,,,,,,,,,,,,,,,,,,
,,,,,,,,,,,,,,,,,,,,,,,,,,,,,,,,,,,,,,,,,,,,,,,,
,,,,,,,,,,,,,,,,,,,,,,,,,,,,,,,,,,,,,,,,,,,,,,,,
Mon 14/7,10:00,17:55,NLH The Closer 1A," $ 1,500 ",2 - 30,UL,12:00,16:30,NLH, $ 600 ,," $ 50,000 ",11:00,,Main Day 2,,,,,,,,,,12:05,,NLH, $ 200 ,," $ 5,000 ",,,,,,,,,,,,,,,,,,
,14:00,"Day 2 
15:15",HORSE Highroller," $ 25,000 ",3 - 60,1,18:00,21:00,NLH Turbo, $ 600 ,," $ 50,000 ",18:10,20:25,Sat. to $1k6, $ 200 ,, 5 Seats ,,,,,,,19:05,,NLH, $ 200 ,," $ 5,000 ",,,,,,,,,,,,,,,,,,
,,,,,,,,,,,,,,,,,,,,,,,,,,,,,,,,,,,,,,,,,,,,,,,,
,,,,,,,,,,,,,,,,,,,,,,,,,,,,,,,,,,,,,,,,,,,,,,,,
,,,,,,,,,,,,,,,,,,,,,,,,,,,,,,,,,,,,,,,,,,,,,,,,
Tue 15/7,10:00,17:55,NLH The Closer 1B," $ 1,500 ",2 - 30,UL,,,,,,,11:00,,Main Day 3,,,,,,,,,,,,,,,,,,,,,,,,,,,,,,,,,
,TBD,,Main Event FT,,10 - 120,,,,,,,,11:10,17:55,NLH 1A," $ 1,600 ",," $ 750,000 ",,,,,,,,,,,,,,,,,,,,,,,,,,,,,,
,14:00,20:45,NLH 8-max," $ 5,000 ",2 - 30,1,,,,,,,12:10,17:40,PLO," $ 1,100 ",," $ 100,000 ",,,,,,,,,,,,,,,,,,,,,,,,,,,,,,
,,,,,,,,,,,,,18:10,20:25,Sat. to $1k6, $ 200 ,, 5 Seats ,,,,,,,,,,,,,,,,,,,,,,,,,,,,,,
,,,,,,,,,,,,,,,,,,,,,,,,,,,,,,,,,,,,,,,,,,,,,,,,
Wed 16/7,10:00,14:00,NLH Turbo," $ 1,000 ",1 - 20,1,,,,,,,11:00,,Main Day 4,,,,,,,,,,,,,,,,,,,,,,,,,,,,,,,,,
,TBD,,Main Event FT,,10 - 120,,,,,,,,11:10,17:55,NLH 1B," $ 1,600 ",," $ 750,000 ",,,,,,,,,,,,,,,,,,,,,,,,,,,,,,
,,,,,,,,,,,,,18:10,20:25,Sat. to $1k6, $ 200 ,, 5 Seats ,,,,,,,,,,,,,,,,,,,,,,,,,,,,,,
,,,,,,,,,,,,,,,,,,,,,,,,,,,,,,,,,,,,,,,,,,,,,,,,
,,,,,,,,,,,,,,,,,,,,,,,,,,,,,,,,,,,,,,,,,,,,,,,,
Thu 17/7,,,,,,,,,,,,,11:00,,Main Day 5,,,,,,,,,,,,,,,,,,,,,,,,,,,,,,,,,
,,,,,,,,,,,,,11:10,17:55,NLH 1C," $ 1,600 ",," $ 750,000 ",,,,,,,,,,,,,,,,,,,,,,,,,,,,,,
,,,,,,,,,,,,,18:10,22:40,NLH Bounty, $ 250 ,," $ 20,000 ",,,,,,,,,,,,,,,,,,,,,,,,,,,,,,
,,,,,,,,,,,,,,,,,,,,,,,,,,,,,,,,,,,,,,,,,,,,,,,,
,,,,,,,,,,,,,,,,,,,,,,,,,,,,,,,,,,,,,,,,,,,,,,,,
Fri 18/7,,,,,,,,,,,,,11:00,,NLH Day 2,,,,,,,,,,,,,,,,,,,,,,,,,,,,,,,,,
,,,,,,,,,,,,,11:10,17:55,NLH 1A," $ 1,100 ",," $ 300,000 ",,,,,,,,,,,,,,,,,,,,,,,,,,,,,,
,,,,,,,,,,,,,18:10,22:40,NLH Bounty, $ 250 ,," $ 20,000 ",,,,,,,,,,,,,,,,,,,,,,,,,,,,,,
,,,,,,,,,,,,,,,,,,,,,,,,,,,,,,,,,,,,,,,,,,,,,,,,
,,,,,,,,,,,,,,,,,,,,,,,,,,,,,,,,,,,,,,,,,,,,,,,,
Sat 19/7,,,,,,,,,,,,,11:00,,NLH Day 3,,,,,,,,,,,,,,,,,,,,,,,,,,,,,,,,,
,,,,,,,,,,,,,11:10,17:55,NLH 1B," $ 1,100 ",," $ 300,000 ",,,,,,,,,,,,,,,,,,,,,,,,,,,,,,
,,,,,,,,,,,,,18:10,22:40,NLH Bounty, $ 250 ,," $ 20,000 ",,,,,,,,,,,,,,,,,,,,,,,,,,,,,,
,,,,,,,,,,,,,,,,,,,,,,,,,,,,,,,,,,,,,,,,,,,,,,,,
,,,,,,,,,,,,,,,,,,,,,,,,,,,,,,,,,,,,,,,,,,,,,,,,
Sun 20/7,,,,,,,,,,,,,11:10,17:55,NLH 1C," $ 1,100 ",," $ 300,000 ",,,,,,,,,,,,,,,,,,,,,,,,,,,,,,
,,,,,,,,,,,,,18:10,22:40,NLH Bounty, $ 200 ,," $ 10,000 ",,,,,,,,,,,,,,,,,,,,,,,,,,,,,,
,,,,,,,,,,,,,,,,,,,,,,,,,,,,,,,,,,,,,,,,,,,,,,,,
,,,,,,,,,,,,,,,,,,,,,,,,,,,,,,,,,,,,,,,,,,,,,,,,
,,,,,,,,,,,,,,,,,,,,,,,,,,,,,,,,,,,,,,,,,,,,,,,,
Mon 21/7,,,,,,,,,,,,,11:00,,NLH Day 2,,,,,,,,,,,,,,,,,,,,,,,,,,,,,,,,,
,,,,,,,,,,,,,11:10,16:40,NLH, $ 600 ,," $ 40,000 ",,,,,,,,,,,,,,,,,,,,,,,,,,,,,,
,,,,,,,,,,,,,18:10,22:40,NLH Bounty, $ 200 ,," $ 10,000 ",,,,,,,,,,,,,,,,,,,,,,,,,,,,,,
,,,,,,,,,,,,,,,,,,,,,,,,,,,,,,,,,,,,,,,,,,,,,,,,
,,,,,,,,,,,,,,,,,,,,,,,,,,,,,,,,,,,,,,,,,,,,,,,,
Tue 22/7,,,,,,,,,,,,,11:00,,NLH Day 3,,,,,,,,,,,,,,,,,,,,,,,,,,,,,,,,,
,,,,,,,,,,,,,11:10,16:40,NLH Bounty ($200 ; $500 ITM), $ 600 ,," $ 40,000 ",,,,,,,,,,,,,,,,,,,,,,,,,,,,,,
,,,,,,,,,,,,,18:10,22:40,NLH Bounty, $ 200 ,," $ 10,000 ",,,,,,,,,,,,,,,,,,,,,,,,,,,,,,
,,,,,,,,,,,,,,,,,,,,,,,,,,,,,,,,,,,,,,,,,,,,,,,,
,,,,,,,,,,,,,,,,,,,,,,,,,,,,,,,,,,,,,,,,,,,,,,,,
Wed 23/7,,,,,,,,,,,,,11:10,16:40,NLH, $ 600 ,," $ 40,000 ",,,,,,,,,,,,,,,,,,,,,,,,,,,,,,
,,,,,,,,,,,,,18:10,22:40,NLH Bounty, $ 200 ,," $ 10,000 ",,,,,,,,,,,,,,,,,,,,,,,,,,,,,,
,,,,,,,,,,,,,,,,,,,,,,,,,,,,,,,,,,,,,,,,,,,,,,,,
,,,,,,,,,,,,,,,,,,,,,,,,,,,,,,,,,,,,,,,,,,,,,,,,
,,,,,,,,,,,,,,,,,,,,,,,,,,,,,,,,,,,,,,,,,,,,,,,,
Thu 24/7,,,,,,,,,,,,,11:10,17:55,NLH 1A, $ 800 ,," $ 200,000 ",,,,,,,,,,,,,,,,,,,,,,,,,,,,,,
,,,,,,,,,,,,,18:10,22:40,NLH Bounty, $ 200 ,," $ 10,000 ",,,,,,,,,,,,,,,,,,,,,,,,,,,,,,
,,,,,,,,,,,,,,,,,,,,,,,,,,,,,,,,,,,,,,,,,,,,,,,,
,,,,,,,,,,,,,,,,,,,,,,,,,,,,,,,,,,,,,,,,,,,,,,,,
,,,,,,,,,,,,,,,,,,,,,,,,,,,,,,,,,,,,,,,,,,,,,,,,
Fri 25/7,,,,,,,,,,,,,11:10,17:55,NLH 1B, $ 800 ,," $ 200,000 ",,,,,,,,,,,,,,,,,,,,,,,,,,,,,,
,,,,,,,,,,,,,18:10,22:40,NLH Bounty, $ 200 ,," $ 10,000 ",,,,,,,,,,,,,,,,,,,,,,,,,,,,,,
,,,,,,,,,,,,,,,,,,,,,,,,,,,,,,,,,,,,,,,,,,,,,,,,
,,,,,,,,,,,,,,,,,,,,,,,,,,,,,,,,,,,,,,,,,,,,,,,,
,,,,,,,,,,,,,,,,,,,,,,,,,,,,,,,,,,,,,,,,,,,,,,,,
Sat 26/7,,,,,,,,,,,,,11:10,17:55,NLH 1C, $ 800 ,," $ 200,000 ",,,,,,,,,,,,,,,,,,,,,,,,,,,,,,
,,,,,,,,,,,,,18:10,22:40,NLH Bounty, $ 250 ,," $ 20,000 ",,,,,,,,,,,,,,,,,,,,,,,,,,,,,,
,,,,,,,,,,,,,,,,,,,,,,,,,,,,,,,,,,,,,,,,,,,,,,,,
,,,,,,,,,,,,,,,,,,,,,,,,,,,,,,,,,,,,,,,,,,,,,,,,
,,,,,,,,,,,,,,,,,,,,,,,,,,,,,,,,,,,,,,,,,,,,,,,,
Sun 27/7,,,,,,,,,,,,,11:00,,NLH Day 2,,,,,,,,,,,,,,,,,,,,,,,,,,,,,,,,,
,,,,,,,,,,,,,11:10,16:40,NLH, $ 600 ,," $ 40,000 ",,,,,,,,,,,,,,,,,,,,,,,,,,,,,,
,,,,,,,,,,,,,18:10,22:40,NLH Bounty, $ 200 ,," $ 10,000 ",,,,,,,,,,,,,,,,,,,,,,,,,,,,,,
,,,,,,,,,,,,,,,,,,,,,,,,,,,,,,,,,,,,,,,,,,,,,,,,
,,,,,,,,,,,,,,,,,,,,,,,,,,,,,,,,,,,,,,,,,,,,,,,,
Mon 28/7,,,,,,,,,,,,,11:10,17:55,NLH 1A, $ 400 ,," $ 100,000 ",,,,,,,,,,,,,,,,,,,,,,,,,,,,,,
,,,,,,,,,,,,,18:10,22:40,NLH Bounty, $ 200 ,," $ 10,000 ",,,,,,,,,,,,,,,,,,,,,,,,,,,,,,
,,,,,,,,,,,,,,,,,,,,,,,,,,,,,,,,,,,,,,,,,,,,,,,,
,,,,,,,,,,,,,,,,,,,,,,,,,,,,,,,,,,,,,,,,,,,,,,,,
,,,,,,,,,,,,,,,,,,,,,,,,,,,,,,,,,,,,,,,,,,,,,,,,
Tue 29/7,,,,,,,,,,,,,11:10,17:55,NLH 1B, $ 400 ,," $ 100,000 ",,,,,,,,,,,,,,,,,,,,,,,,,,,,,,
,,,,,,,,,,,,,18:10,22:40,NLH Bounty, $ 200 ,," $ 10,000 ",,,,,,,,,,,,,,,,,,,,,,,,,,,,,,
,,,,,,,,,,,,,,,,,,,,,,,,,,,,,,,,,,,,,,,,,,,,,,,,
,,,,,,,,,,,,,,,,,,,,,,,,,,,,,,,,,,,,,,,,,,,,,,,,
,,,,,,,,,,,,,,,,,,,,,,,,,,,,,,,,,,,,,,,,,,,,,,,,
Wed 30/7,,,,,,,,,,,,,11:10,17:55,NLH 1C, $ 400 ,," $ 100,000 ",,,,,,,,,,,,,,,,,,,,,,,,,,,,,,
,,,,,,,,,,,,,18:10,22:40,NLH Bounty, $ 200 ,," $ 10,000 ",,,,,,,,,,,,,,,,,,,,,,,,,,,,,,
,,,,,,,,,,,,,,,,,,,,,,,,,,,,,,,,,,,,,,,,,,,,,,,,
,,,,,,,,,,,,,,,,,,,,,,,,,,,,,,,,,,,,,,,,,,,,,,,,
,,,,,,,,,,,,,,,,,,,,,,,,,,,,,,,,,,,,,,,,,,,,,,,,
Thu 31/7,,,,,,,,,,,,,11:00,,NLH Day 2,,,,,,,,,,,,,,,,,,,,,,,,,,,,,,,,,
,,,,,,,,,,,,,11:10,16:40,NLH, $ 400 ,," $ 20,000 ",,,,,,,,,,,,,,,,,,,,,,,,,,,,,,
,,,,,,,,,,,,,18:10,22:40,NLH Bounty, $ 200 ,," $ 10,000 ",,,,,,,,,,,,,,,,,,,,,,,,,,,,,,